Workbook

Sheet الإرشادات
A1: إرشادات إدخال الوحدات والمشاريع
A2: 1- اضغط على ورقة النموذج ثم انسخها
A3: 2- اضف بيانات الوحدات الى الورقة المنسوخة
A4: 3- غير اسم الورقة الى اسم المشروع
A5: 4- اضف بيانات المشروع الى ورقة المشاريع

Sheet النموذج
A1: معرف المشروع | B1: كود المشروع | C1: المالك | D1: رقم المشروع | E1: رقم الوحدة فالمشروع | F1: كود نوع الوحدة | G1: كود الوحدة | H1: المشروع | I1: نموذج الوحدة | J1: نوع الوحدة | K1: مساحة الوحدة | L1: إجمالي السعر | M1: حالة الوحدة | N1: غرف النوم | O1: عدد الحمامات | P1: مكونات الوحدة | Q1: مساحة الفناء | R1: حالة المصعد | S1: الطابق | T1: رقم العمارة | U1: مساحة الصك | V1: موعد إفتتاح المشروع | W1: مزايا | X1: رابط الموقع | Y1: الدولة | Z1: المدينة | AA1: الحي | AB1: الواجهة | AC1: بروشور المشروع | AD1: بروشور الوحدة
A2: - | B2: - | F2: =IF(J2="دور","FL", IF(J2="شقة","AP", IF(J2="فيلا","VI", IF(J2="تاون هاوس","TH","")))) | G2: =B2&"-"&I2&"-"&E2&"-"&F2 -> ----
E3: رقم الوحدة فالمشروع | I3: نموذج الوحدة | J3: نوع الوحدة | K3: مساحة الوحدة | L3: إجمالي السعر | M3: حالة الوحدة | N3: غرف النوم | O3: عدد الحمامات | P3: مكونات الوحدة | Q3: مساحة الفناء | R3: حالة المصعد | S3: الطابق | T3: رقم العمارة | U3: مساحة الصك | W3: مزايا | AB3: الواجهة | AD3: بروشور الوحدة

Sheet المشاريع
A1: معرف المشروع | B1: كود المشروع | C1: المالك | D1: رقم المشروع | E1: المشروع | F1: حالة المشروع | G1: نوع المشروع | H1: انواع الوحدات | I1: موعد إفتتاح المشروع | J1: الموقع | K1: الإتجاه | L1: الدولة | M1: المدينة | N1: الحي | O1: بروشور المشروع | P1: فيديوهات المشروع | Q1: صور المشروع | R1: المرافق | S1: عدد الوحدات | T1: عدد الوحدات المتاحة | U1: عدد الوحدات تحت الإنشاء | V1: عدد الوحدات المحجوزة | W1: عدد الوحدات المباعة | X1: متوسط قيمة الوحدة | Y1: متوسط قيمة الوحدات المتاحة | Z1: إجمالي قيمة المشروع | AA1: نسبة بيع المشروع | AB1: إجمالي قيمة تحت الإنشاء | AC1: إجمالي قيمة المتاح | AD1: إجمالي قيمة المحجوز | AE1: إجمالي قيمة المباع | AF1: السعر الأدنى | AG1: السعر الأدنى المتاح | AH1: السعر الأقصى | AI1: السعر الأقصى المتاح | AJ1: نطاق السعر | AK1: نطاق السعر المتاح | AL1: المساحة الأدنى | AM1: المساحة الأدنى المتاحة | AN1: المساحة الأقصى | AO1: المساحة الأقصى المتاحة | AP1: نطاق المساحة | AQ1: نطاق المساحة المتاحة | AR1: عدد ادنى غرف نوم | AS1: عدد ادنى غرف نوم المتاحة | AT1: عدد اقصى غرف نوم | AU1: عدد اقصى غرف نوم متاحة | AV1: نطاق غرف النوم | AW1: نطاق غرف النوم المتاحة | AX1: عدد ادنى حمامات | AY1: عدد ادنى حمامات متاحة | AZ1: عدد اقصى حمامات | BA1: عدد اقصى حمامات متاحة | BB1: نطاق الحمامات | BC1: نطاق الحمامات المتاحة
A2: 1 | B2: TAN | C2: تنال | E2: تنال - الرمال | F2: =IF(COUNTIFS('الوحدات'!B:B,B2,'الوحدات'!M:M,"متاحة")>0,"متاح", IF(COUNTIFS('الوحدات'!B:B,B2,'الوحدات'!M:M,"<>")=0, "", IF(COUNTIFS('الوحدات'!B:B,B2,'الوحدات'!M:M,"تحت الإنشاء")=COUNTIFS('الوحدات'!B:B,B2,'الوحدات'!M:M,"<>"), "تحت الإنشاء", IF(COUNTIFS('الوحدات'!B:B,B2,'الوحدات'!M:M,"تحت الإنشاء")>0, "تحت الإنشاء جزئيا", "مباعة" )))) -> متاح | G2: =IFERROR(__xludf.DUMMYFUNCTION("IF(SUMPRODUCT(('الوحدات'!B:B=B2)*REGEXMATCH(TRIM('الوحدات'!J:J),""^(تاون هاوس|دور|شقة|فيلا)$""))>0,""سكني"","""")"),"سكني") -> سكني | H2: =IFERROR(__xludf.DUMMYFUNCTION("TEXTJOIN(""-"", TRUE, UNIQUE(FILTER('الوحدات'!J:J, 'الوحدات'!B:B = B2))) "),"دور-شقة") -> دور-شقة | J2: https://maps.app.goo.gl/VQzCjvzJ9MfCPR7U9 | K2: شمال | L2: المملكة العربية السعودية | M2: الرياض | N2: الرمال | R2: صالة جلوس, مجلس | S2: =COUNTIF('الوحدات'!B:B, B2) -> 6 | T2: =COUNTIFS('الوحدات'!B:B, B2, 'الوحدات'!M:M, "متاحة") -> 6 | U2: =COUNTIFS('الوحدات'!B:B, B2, 'الوحدات'!M:M, "تحت الإنشاء") -> 0 | V2: =COUNTIFS('الوحدات'!B:B, B2, 'الوحدات'!M:M, "محجوزة") -> 0 | W2: =COUNTIFS('الوحدات'!B:B, B2, 'الوحدات'!M:M, "مباعة") -> 0 | X2: =IFERROR(AVERAGEIFS('الوحدات'!L:L, 'الوحدات'!B:B, B2), "") -> 796666.67 | Y2: =IFERROR(AVERAGEIFS('الوحدات'!L:L, 'الوحدات'!B:B, B2, 'الوحدات'!M:M, "متاحة"), "") -> 796666.67 | Z2: =IFERROR(SUMIFS('الوحدات'!L:L, 'الوحدات'!B:B, B2), "") -> 4780000 | AA2: =AE2/Z2 -> 0 | AB2: =IFERROR(SUMIFS('الوحدات'!L:L, 'الوحدات'!B:B, B2, 'الوحدات'!M:M, "تحت الإنشاء"), "") -> 0 | AC2: =IFERROR(SUMIFS('الوحدات'!L:L, 'الوحدات'!B:B, B2, 'الوحدات'!M:M, "متاحة"), "") -> 4780000 | AD2: =IFERROR(SUMIFS('الوحدات'!L:L, 'الوحدات'!B:B, B2, 'الوحدات'!M:M, "محجوزة"), "") -> 0 | AE2: =IFERROR(SUMIFS('الوحدات'!L:L, 'الوحدات'!B:B, B2, 'الوحدات'!M:M, "مباعة"), "") -> 0 | AF2: =IFERROR(MINIFS('الوحدات'!L:L, 'الوحدات'!B:B, B2), "") -> 600000 | AG2: =IFERROR(MINIFS('الوحدات'!L:L, 'الوحدات'!B:B, B2, 'الوحدات'!M:M, "متاحة"), "") -> 600000 | AH2: =IFERROR(MAXIFS('الوحدات'!L:L, 'الوحدات'!B:B, B2), "") -> 990000 | AI2: =IFERROR(MAXIFS('الوحدات'!L:L, 'الوحدات'!B:B, B2, 'الوحدات'!M:M, "متاحة"), "") -> 990000 | AJ2: =AH2&"-"&AF2 -> 990000-600000 | AK2: =AI2&"-"&AG2 -> 990000-600000 | AL2: =IFERROR(MINIFS('الوحدات'!K:K, 'الوحدات'!B:B, B2), "") -> 186 | AM2: =IFERROR(MINIFS('الوحدات'!K:K, 'الوحدات'!B:B, B2, 'الوحدات'!M:M, "متاحة"), "") -> 186 | AN2: =IFERROR(MAXIFS('الوحدات'!K:K, 'الوحدات'!B:B, B2), "") -> 258 | AO2: =IFERROR(MAXIFS('الوحدات'!K:K, 'الوحدات'!B:B, B2, 'الوحدات'!M:M, "متاحة"), "") -> 258 | AP2: =AN2&"-"&AL2 -> 258-186 | AQ2: =AO2&"-"&AM2 -> 258-186 | AR2: =IFERROR(MINIFS('الوحدات'!N:N, 'الوحدات'!B:B, B2), "") -> 2 | AS2: =IFERROR(MINIFS('الوحدات'!N:N, 'الوحدات'!B:B, B2, 'الوحدات'!M:M, "متاحة"), "") -> 2 | AT2: =IFERROR(MAXIFS('الوحدات'!N:N, 'الوحدات'!B:B, B2), "") -> 3 | AU2: =IFERROR(MAXIFS('الوحدات'!N:N, 'الوحدات'!B:B, B2, 'الوحدات'!M:M, "متاحة"), "") -> 3 | AV2: =AT2&"-"&AR2 -> 3-2 | AW2: =AU2&"-"&AS2 -> 3-2 | AX2: =IFERROR(MINIFS('الوحدات'!O:O, 'الوحدات'!B:B, B2), "") -> 2 | AY2: =IFERROR(MINIFS('الوحدات'!O:O, 'الوحدات'!B:B, B2, 'الوحدات'!M:M, "متاحة"), "") -> 2 | AZ2: =IFERROR(MAXIFS('الوحدات'!O:O, 'الوحدات'!B:B, B2), "") -> 3 | BA2: =IFERROR(MAXIFS('الوحدات'!O:O, 'الوحدات'!B:B, B2, 'الوحدات'!M:M, "متاحة"), "") -> 3 | BB2: =AZ2&"-"&AX2 -> 3-2 | BC2: =BA2&"-"&AY2 -> 3-2
A3: 2 | B3: TAR | C3: ترف | E3: ترف - الرمال | F3: =IF(COUNTIFS('الوحدات'!B:B,B3,'الوحدات'!M:M,"متاحة")>0,"متاح", IF(COUNTIFS('الوحدات'!B:B,B3,'الوحدات'!M:M,"<>")=0, "", IF(COUNTIFS('الوحدات'!B:B,B3,'الوحدات'!M:M,"تحت الإنشاء")=COUNTIFS('الوحدات'!B:B,B3,'الوحدات'!M:M,"<>"), "تحت الإنشاء", IF(COUNTIFS('الوحدات'!B:B,B3,'الوحدات'!M:M,"تحت الإنشاء")>0, "تحت الإنشاء جزئيا", "مباعة" )))) -> متاح | G3: =IFERROR(__xludf.DUMMYFUNCTION("IF(SUMPRODUCT(('الوحدات'!B:B=B3)*REGEXMATCH(TRIM('الوحدات'!J:J),""^(تاون هاوس|دور|شقة|فيلا)$""))>0,""سكني"","""")"),"سكني") -> سكني | H3: =IFERROR(__xludf.DUMMYFUNCTION("TEXTJOIN(""-"", TRUE, UNIQUE(FILTER('الوحدات'!J:J, 'الوحدات'!B:B = B3))) "),"دور-شقة") -> دور-شقة | J3: https://maps.app.goo.gl/HbNqmyyW7a6zVxRs7?g_st=ipc | K3: شمال | L3: المملكة العربية السعودية | M3: الرياض | N3: الرمال | R3: صالة جلوس, مجلس | S3: =COUNTIF('الوحدات'!B:B, B3) -> 6 | T3: =COUNTIFS('الوحدات'!B:B, B3, 'الوحدات'!M:M, "متاحة") -> 3 | U3: =COUNTIFS('الوحدات'!B:B, B3, 'الوحدات'!M:M, "تحت الإنشاء") -> 0 | V3: =COUNTIFS('الوحدات'!B:B, B3, 'الوحدات'!M:M, "محجوزة") -> 0 | W3: =COUNTIFS('الوحدات'!B:B, B3, 'الوحدات'!M:M, "مباعة") -> 3 | X3: =IFERROR(AVERAGEIFS('الوحدات'!L:L, 'الوحدات'!B:B, B3), "") -> 856333.33 | Y3: =IFERROR(AVERAGEIFS('الوحدات'!L:L, 'الوحدات'!B:B, B3, 'الوحدات'!M:M, "متاحة"), "") -> 882666.67 | Z3: =IFERROR(SUMIFS('الوحدات'!L:L, 'الوحدات'!B:B, B3), "") -> 5138000 | AA3: =AE3/Z3 -> 0.48462437 | AB3: =IFERROR(SUMIFS('الوحدات'!L:L, 'الوحدات'!B:B, B3, 'الوحدات'!M:M, "تحت الإنشاء"), "") -> 0 | AC3: =IFERROR(SUMIFS('الوحدات'!L:L, 'الوحدات'!B:B, B3, 'الوحدات'!M:M, "متاحة"), "") -> 2648000 | AD3: =IFERROR(SUMIFS('الوحدات'!L:L, 'الوحدات'!B:B, B3, 'الوحدات'!M:M, "محجوزة"), "") -> 0 | AE3: =IFERROR(SUMIFS('الوحدات'!L:L, 'الوحدات'!B:B, B3, 'الوحدات'!M:M, "مباعة"), "") -> 2490000 | AF3: =IFERROR(MINIFS('الوحدات'!L:L, 'الوحدات'!B:B, B3), "") -> 750000 | AG3: =IFERROR(MINIFS('الوحدات'!L:L, 'الوحدات'!B:B, B3, 'الوحدات'!M:M, "متاحة"), "") -> 829000 | AH3: =IFERROR(MAXIFS('الوحدات'!L:L, 'الوحدات'!B:B, B3), "") -> 990000 | AI3: =IFERROR(MAXIFS('الوحدات'!L:L, 'الوحدات'!B:B, B3, 'الوحدات'!M:M, "متاحة"), "") -> 990000 | AJ3: =AH3&"-"&AF3 -> 990000-750000 | AK3: =AI3&"-"&AG3 -> 990000-829000 | AL3: =IFERROR(MINIFS('الوحدات'!K:K, 'الوحدات'!B:B, B3), "") -> 203 | AM3: =IFERROR(MINIFS('الوحدات'!K:K, 'الوحدات'!B:B, B3, 'الوحدات'!M:M, "متاحة"), "") -> 222 | AN3: =IFERROR(MAXIFS('الوحدات'!K:K, 'الوحدات'!B:B, B3), "") -> 259 | AO3: =IFERROR(MAXIFS('الوحدات'!K:K, 'الوحدات'!B:B, B3, 'الوحدات'!M:M, "متاحة"), "") -> 259 | AP3: =AN3&"-"&AL3 -> 259-203 | AQ3: =AO3&"-"&AM3 -> 259-222 | AR3: =IFERROR(MINIFS('الوحدات'!N:N, 'الوحدات'!B:B, B3), "") -> 0 | AS3: =IFERROR(MINIFS('الوحدات'!N:N, 'الوحدات'!B:B, B3, 'الوحدات'!M:M, "متاحة"), "") -> 0 | AT3: =IFERROR(MAXIFS('الوحدات'!N:N, 'الوحدات'!B:B, B3), "") -> 0 | AU3: =IFERROR(MAXIFS('الوحدات'!N:N, 'الوحدات'!B:B, B3, 'الوحدات'!M:M, "متاحة"), "") -> 0 | AV3: =AT3&"-"&AR3 -> 0-0 | AW3: =AU3&"-"&AS3 -> 0-0 | AX3: =IFERROR(MINIFS('الوحدات'!O:O, 'الوحدات'!B:B, B3), "") -> 0 | AY3: =IFERROR(MINIFS('الوحدات'!O:O, 'الوحدات'!B:B, B3, 'الوحدات'!M:M, "متاحة"), "") -> 0 | AZ3: =IFERROR(MAXIFS('الوحدات'!O:O, 'الوحدات'!B:B, B3), "") -> 0 | BA3: =IFERROR(MAXIFS('الوحدات'!O:O, 'الوحدات'!B:B, B3, 'الوحدات'!M:M, "متاحة"), "") -> 0 | BB3: =AZ3&"-"&AX3 -> 0-0 | BC3: =BA3&"-"&AY3 -> 0-0
A4: 3 | B4: SAH | C4: سهم | E4: سهم الروضة | F4: =IF(COUNTIFS('الوحدات'!B:B,B4,'الوحدات'!M:M,"متاحة")>0,"متاح", IF(COUNTIFS('الوحدات'!B:B,B4,'الوحدات'!M:M,"<>")=0, "", IF(COUNTIFS('الوحدات'!B:B,B4,'الوحدات'!M:M,"تحت الإنشاء")=COUNTIFS('الوحدات'!B:B,B4,'الوحدات'!M:M,"<>"), "تحت الإنشاء", IF(COUNTIFS('الوحدات'!B:B,B4,'الوحدات'!M:M,"تحت الإنشاء")>0, "تحت الإنشاء جزئيا", "مباعة" )))) -> متاح | G4: =IFERROR(__xludf.DUMMYFUNCTION("IF(SUMPRODUCT(('الوحدات'!B:B=B4)*REGEXMATCH(TRIM('الوحدات'!J:J),""^(تاون هاوس|دور|شقة|فيلا)$""))>0,""سكني"","""")"),"سكني") -> سكني | H4: =IFERROR(__xludf.DUMMYFUNCTION("TEXTJOIN(""-"", TRUE, UNIQUE(FILTER('الوحدات'!J:J, 'الوحدات'!B:B = B4))) "),"دور-شقة") -> دور-شقة | J4: https://maps.app.goo.gl/oLz5KTAHqTimZF2T9 | K4: شرق | L4: المملكة العربية السعودية | M4: الرياض | N4: الروضة | O4: رداح - ادوار حي الروضة | R4: صالة جلوس, مجلس | S4: =COUNTIF('الوحدات'!B:B, B4) -> 6 | T4: =COUNTIFS('الوحدات'!B:B, B4, 'الوحدات'!M:M, "متاحة") -> 4 | U4: =COUNTIFS('الوحدات'!B:B, B4, 'الوحدات'!M:M, "تحت الإنشاء") -> 0 | V4: =COUNTIFS('الوحدات'!B:B, B4, 'الوحدات'!M:M, "محجوزة") -> 1 | W4: =COUNTIFS('الوحدات'!B:B, B4, 'الوحدات'!M:M, "مباعة") -> 1 | X4: =IFERROR(AVERAGEIFS('الوحدات'!L:L, 'الوحدات'!B:B, B4), "") -> 1420000 | Y4: =IFERROR(AVERAGEIFS('الوحدات'!L:L, 'الوحدات'!B:B, B4, 'الوحدات'!M:M, "متاحة"), "") -> 1372500 | Z4: =IFERROR(SUMIFS('الوحدات'!L:L, 'الوحدات'!B:B, B4), "") -> 8520000 | AA4: =AE4/Z4 -> 0.19248826 | AB4: =IFERROR(SUMIFS('الوحدات'!L:L, 'الوحدات'!B:B, B4, 'الوحدات'!M:M, "تحت الإنشاء"), "") -> 0 | AC4: =IFERROR(SUMIFS('الوحدات'!L:L, 'الوحدات'!B:B, B4, 'الوحدات'!M:M, "متاحة"), "") -> 5490000 | AD4: =IFERROR(SUMIFS('الوحدات'!L:L, 'الوحدات'!B:B, B4, 'الوحدات'!M:M, "محجوزة"), "") -> 1390000 | AE4: =IFERROR(SUMIFS('الوحدات'!L:L, 'الوحدات'!B:B, B4, 'الوحدات'!M:M, "مباعة"), "") -> 1640000 | AF4: =IFERROR(MINIFS('الوحدات'!L:L, 'الوحدات'!B:B, B4), "") -> 1230000 | AG4: =IFERROR(MINIFS('الوحدات'!L:L, 'الوحدات'!B:B, B4, 'الوحدات'!M:M, "متاحة"), "") -> 1230000 | AH4: =IFERROR(MAXIFS('الوحدات'!L:L, 'الوحدات'!B:B, B4), "") -> 1640000 | AI4: =IFERROR(MAXIFS('الوحدات'!L:L, 'الوحدات'!B:B, B4, 'الوحدات'!M:M, "متاحة"), "") -> 1640000 | AJ4: =AH4&"-"&AF4 -> 1640000-1230000 | AK4: =AI4&"-"&AG4 -> 1640000-1230000 | AL4: =IFERROR(MINIFS('الوحدات'!K:K, 'الوحدات'!B:B, B4), "") -> 142 | AM4: =IFERROR(MINIFS('الوحدات'!K:K, 'الوحدات'!B:B, B4, 'الوحدات'!M:M, "متاحة"), "") -> 142 | AN4: =IFERROR(MAXIFS('الوحدات'!K:K, 'الوحدات'!B:B, B4), "") -> 214 | AO4: =IFERROR(MAXIFS('الوحدات'!K:K, 'الوحدات'!B:B, B4, 'الوحدات'!M:M, "متاحة"), "") -> 214 | AP4: =AN4&"-"&AL4 -> 214-142 | AQ4: =AO4&"-"&AM4 -> 214-142 | AR4: =IFERROR(MINIFS('الوحدات'!N:N, 'الوحدات'!B:B, B4), "") -> 3 | AS4: =IFERROR(MINIFS('الوحدات'!N:N, 'الوحدات'!B:B, B4, 'الوحدات'!M:M, "متاحة"), "") -> 3 | AT4: =IFERROR(MAXIFS('الوحدات'!N:N, 'الوحدات'!B:B, B4), "") -> 4 | AU4: =IFERROR(MAXIFS('الوحدات'!N:N, 'الوحدات'!B:B, B4, 'الوحدات'!M:M, "متاحة"), "") -> 4 | AV4: =AT4&"-"&AR4 -> 4-3 | AW4: =AU4&"-"&AS4 -> 4-3 | AX4: =IFERROR(MINIFS('الوحدات'!O:O, 'الوحدات'!B:B, B4), "") -> 3 | AY4: =IFERROR(MINIFS('الوحدات'!O:O, 'الوحدات'!B:B, B4, 'الوحدات'!M:M, "متاحة"), "") -> 3 | AZ4: =IFERROR(MAXIFS('الوحدات'!O:O, 'الوحدات'!B:B, B4), "") -> 5 | BA4: =IFERROR(MAXIFS('الوحدات'!O:O, 'الوحدات'!B:B, B4, 'الوحدات'!M:M, "متاحة"), "") -> 5 | BB4: =AZ4&"-"&AX4 -> 5-3 | BC4: =BA4&"-"&AY4 -> 5-3
A5: 4 | B5: DUR | C5: درة الصفاء | E5: درة الصفاء | F5: =IF(COUNTIFS('الوحدات'!B:B,B5,'الوحدات'!M:M,"متاحة")>0,"متاح", IF(COUNTIFS('الوحدات'!B:B,B5,'الوحدات'!M:M,"<>")=0, "", IF(COUNTIFS('الوحدات'!B:B,B5,'الوحدات'!M:M,"تحت الإنشاء")=COUNTIFS('الوحدات'!B:B,B5,'الوحدات'!M:M,"<>"), "تحت الإنشاء", IF(COUNTIFS('الوحدات'!B:B,B5,'الوحدات'!M:M,"تحت الإنشاء")>0, "تحت الإنشاء جزئيا", "مباعة" )))) -> متاح | G5: =IFERROR(__xludf.DUMMYFUNCTION("IF(SUMPRODUCT(('الوحدات'!B:B=B5)*REGEXMATCH(TRIM('الوحدات'!J:J),""^(تاون هاوس|دور|شقة|فيلا)$""))>0,""سكني"","""")"),"سكني") -> سكني | H5: =IFERROR(__xludf.DUMMYFUNCTION("TEXTJOIN(""-"", TRUE, UNIQUE(FILTER('الوحدات'!J:J, 'الوحدات'!B:B = B5))) "),"فيلا") -> فيلا | J5: https://maps.app.goo.gl/qsJppfPit9RN8sY98 | K5: شرق | L5: المملكة العربية السعودية | M5: الرياض | N5: الصفاء | O5: رداح - درة الصفاء | R5: صالة جلوس, مجلس | S5: =COUNTIF('الوحدات'!B:B, B5) -> 12 | T5: =COUNTIFS('الوحدات'!B:B, B5, 'الوحدات'!M:M, "متاحة") -> 5 | U5: =COUNTIFS('الوحدات'!B:B, B5, 'الوحدات'!M:M, "تحت الإنشاء") -> 0 | V5: =COUNTIFS('الوحدات'!B:B, B5, 'الوحدات'!M:M, "محجوزة") -> 4 | W5: =COUNTIFS('الوحدات'!B:B, B5, 'الوحدات'!M:M, "مباعة") -> 3 | X5: =IFERROR(AVERAGEIFS('الوحدات'!L:L, 'الوحدات'!B:B, B5), "") -> 1693333.3 | Y5: =IFERROR(AVERAGEIFS('الوحدات'!L:L, 'الوحدات'!B:B, B5, 'الوحدات'!M:M, "متاحة"), "") -> 1664000 | Z5: =IFERROR(SUMIFS('الوحدات'!L:L, 'الوحدات'!B:B, B5), "") -> 20320000 | AA5: =AE5/Z5 -> 0.25147638 | AB5: =IFERROR(SUMIFS('الوحدات'!L:L, 'الوحدات'!B:B, B5, 'الوحدات'!M:M, "تحت الإنشاء"), "") -> 0 | AC5: =IFERROR(SUMIFS('الوحدات'!L:L, 'الوحدات'!B:B, B5, 'الوحدات'!M:M, "متاحة"), "") -> 8320000 | AD5: =IFERROR(SUMIFS('الوحدات'!L:L, 'الوحدات'!B:B, B5, 'الوحدات'!M:M, "محجوزة"), "") -> 6890000 | AE5: =IFERROR(SUMIFS('الوحدات'!L:L, 'الوحدات'!B:B, B5, 'الوحدات'!M:M, "مباعة"), "") -> 5110000 | AF5: =IFERROR(MINIFS('الوحدات'!L:L, 'الوحدات'!B:B, B5), "") -> 1580000 | AG5: =IFERROR(MINIFS('الوحدات'!L:L, 'الوحدات'!B:B, B5, 'الوحدات'!M:M, "متاحة"), "") -> 1610000 | AH5: =IFERROR(MAXIFS('الوحدات'!L:L, 'الوحدات'!B:B, B5), "") -> 1890000 | AI5: =IFERROR(MAXIFS('الوحدات'!L:L, 'الوحدات'!B:B, B5, 'الوحدات'!M:M, "متاحة"), "") -> 1880000 | AJ5: =AH5&"-"&AF5 -> 1890000-1580000 | AK5: =AI5&"-"&AG5 -> 1880000-1610000 | AL5: =IFERROR(MINIFS('الوحدات'!K:K, 'الوحدات'!B:B, B5), "") -> 249 | AM5: =IFERROR(MINIFS('الوحدات'!K:K, 'الوحدات'!B:B, B5, 'الوحدات'!M:M, "متاحة"), "") -> 249 | AN5: =IFERROR(MAXIFS('الوحدات'!K:K, 'الوحدات'!B:B, B5), "") -> 282 | AO5: =IFERROR(MAXIFS('الوحدات'!K:K, 'الوحدات'!B:B, B5, 'الوحدات'!M:M, "متاحة"), "") -> 282 | AP5: =AN5&"-"&AL5 -> 282-249 | AQ5: =AO5&"-"&AM5 -> 282-249 | AR5: =IFERROR(MINIFS('الوحدات'!N:N, 'الوحدات'!B:B, B5), "") -> 4 | AS5: =IFERROR(MINIFS('الوحدات'!N:N, 'الوحدات'!B:B, B5, 'الوحدات'!M:M, "متاحة"), "") -> 4 | AT5: =IFERROR(MAXIFS('الوحدات'!N:N, 'الوحدات'!B:B, B5), "") -> 4 | AU5: =IFERROR(MAXIFS('الوحدات'!N:N, 'الوحدات'!B:B, B5, 'الوحدات'!M:M, "متاحة"), "") -> 4 | AV5: =AT5&"-"&AR5 -> 4-4 | AW5: =AU5&"-"&AS5 -> 4-4 | AX5: =IFERROR(MINIFS('الوحدات'!O:O, 'الوحدات'!B:B, B5), "") -> 5 | AY5: =IFERROR(MINIFS('الوحدات'!O:O, 'الوحدات'!B:B, B5, 'الوحدات'!M:M, "متاحة"), "") -> 5 | AZ5: =IFERROR(MAXIFS('الوحدات'!O:O, 'الوحدات'!B:B, B5), "") -> 5 | BA5: =IFERROR(MAXIFS('الوحدات'!O:O, 'الوحدات'!B:B, B5, 'الوحدات'!M:M, "متاحة"), "") -> 5 | BB5: =AZ5&"-"&AX5 -> 5-5 | BC5: =BA5&"-"&AY5 -> 5-5
A6: 5 | B6: SAL | C6: السلام ريزدنس | E6: السلام ريزدنس | F6: =IF(COUNTIFS('الوحدات'!B:B,B6,'الوحدات'!M:M,"متاحة")>0,"متاح", IF(COUNTIFS('الوحدات'!B:B,B6,'الوحدات'!M:M,"<>")=0, "", IF(COUNTIFS('الوحدات'!B:B,B6,'الوحدات'!M:M,"تحت الإنشاء")=COUNTIFS('الوحدات'!B:B,B6,'الوحدات'!M:M,"<>"), "تحت الإنشاء", IF(COUNTIFS('الوحدات'!B:B,B6,'الوحدات'!M:M,"تحت الإنشاء")>0, "تحت الإنشاء جزئيا", "مباعة" )))) -> متاح | G6: =IFERROR(__xludf.DUMMYFUNCTION("IF(SUMPRODUCT(('الوحدات'!B:B=B6)*REGEXMATCH(TRIM('الوحدات'!J:J),""^(تاون هاوس|دور|شقة|فيلا)$""))>0,""سكني"","""")"),"سكني") -> سكني | H6: =IFERROR(__xludf.DUMMYFUNCTION("TEXTJOIN(""-"", TRUE, UNIQUE(FILTER('الوحدات'!J:J, 'الوحدات'!B:B = B6))) "),"شقة") -> شقة | J6: https://maps.app.goo.gl/CMxaMUfvXSi6TrNt5 | K6: شرق | L6: المملكة العربية السعودية | M6: الرياض | N6: السلام | O6: رداح - السلام ريزيدنس | R6: صالة جلوس, مجلس | S6: =COUNTIF('الوحدات'!B:B, B6) -> 13 | T6: =COUNTIFS('الوحدات'!B:B, B6, 'الوحدات'!M:M, "متاحة") -> 6 | U6: =COUNTIFS('الوحدات'!B:B, B6, 'الوحدات'!M:M, "تحت الإنشاء") -> 0 | V6: =COUNTIFS('الوحدات'!B:B, B6, 'الوحدات'!M:M, "محجوزة") -> 0 | W6: =COUNTIFS('الوحدات'!B:B, B6, 'الوحدات'!M:M, "مباعة") -> 7 | X6: =IFERROR(AVERAGEIFS('الوحدات'!L:L, 'الوحدات'!B:B, B6), "") -> 983538.46 | Y6: =IFERROR(AVERAGEIFS('الوحدات'!L:L, 'الوحدات'!B:B, B6, 'الوحدات'!M:M, "متاحة"), "") -> 1050000 | Z6: =IFERROR(SUMIFS('الوحدات'!L:L, 'الوحدات'!B:B, B6), "") -> 12786000 | AA6: =AE6/Z6 -> 0.50727358 | AB6: =IFERROR(SUMIFS('الوحدات'!L:L, 'الوحدات'!B:B, B6, 'الوحدات'!M:M, "تحت الإنشاء"), "") -> 0 | AC6: =IFERROR(SUMIFS('الوحدات'!L:L, 'الوحدات'!B:B, B6, 'الوحدات'!M:M, "متاحة"), "") -> 6300000 | AD6: =IFERROR(SUMIFS('الوحدات'!L:L, 'الوحدات'!B:B, B6, 'الوحدات'!M:M, "محجوزة"), "") -> 0 | AE6: =IFERROR(SUMIFS('الوحدات'!L:L, 'الوحدات'!B:B, B6, 'الوحدات'!M:M, "مباعة"), "") -> 6486000 | AF6: =IFERROR(MINIFS('الوحدات'!L:L, 'الوحدات'!B:B, B6), "") -> 830000 | AG6: =IFERROR(MINIFS('الوحدات'!L:L, 'الوحدات'!B:B, B6, 'الوحدات'!M:M, "متاحة"), "") -> 830000 | AH6: =IFERROR(MAXIFS('الوحدات'!L:L, 'الوحدات'!B:B, B6), "") -> 1330000 | AI6: =IFERROR(MAXIFS('الوحدات'!L:L, 'الوحدات'!B:B, B6, 'الوحدات'!M:M, "متاحة"), "") -> 1330000 | AJ6: =AH6&"-"&AF6 -> 1330000-830000 | AK6: =AI6&"-"&AG6 -> 1330000-830000 | AL6: =IFERROR(MINIFS('الوحدات'!K:K, 'الوحدات'!B:B, B6), "") -> 143 | AM6: =IFERROR(MINIFS('الوحدات'!K:K, 'الوحدات'!B:B, B6, 'الوحدات'!M:M, "متاحة"), "") -> 143 | AN6: =IFERROR(MAXIFS('الوحدات'!K:K, 'الوحدات'!B:B, B6), "") -> 281 | AO6: =IFERROR(MAXIFS('الوحدات'!K:K, 'الوحدات'!B:B, B6, 'الوحدات'!M:M, "متاحة"), "") -> 251 | AP6: =AN6&"-"&AL6 -> 281-143 | AQ6: =AO6&"-"&AM6 -> 251-143 | AR6: =IFERROR(MINIFS('الوحدات'!N:N, 'الوحدات'!B:B, B6), "") -> 3 | AS6: =IFERROR(MINIFS('الوحدات'!N:N, 'الوحدات'!B:B, B6, 'الوحدات'!M:M, "متاحة"), "") -> 3 | AT6: =IFERROR(MAXIFS('الوحدات'!N:N, 'الوحدات'!B:B, B6), "") -> 3 | AU6: =IFERROR(MAXIFS('الوحدات'!N:N, 'الوحدات'!B:B, B6, 'الوحدات'!M:M, "متاحة"), "") -> 3 | AV6: =AT6&"-"&AR6 -> 3-3 | AW6: =AU6&"-"&AS6 -> 3-3 | AX6: =IFERROR(MINIFS('الوحدات'!O:O, 'الوحدات'!B:B, B6), "") -> 4 | AY6: =IFERROR(MINIFS('الوحدات'!O:O, 'الوحدات'!B:B, B6, 'الوحدات'!M:M, "متاحة"), "") -> 4 | AZ6: =IFERROR(MAXIFS('الوحدات'!O:O, 'الوحدات'!B:B, B6), "") -> 4 | BA6: =IFERROR(MAXIFS('الوحدات'!O:O, 'الوحدات'!B:B, B6, 'الوحدات'!M:M, "متاحة"), "") -> 4 | BB6: =AZ6&"-"&AX6 -> 4-4 | BC6: =BA6&"-"&AY6 -> 4-4
A7: 6 | B7: MAJ79 | C7: المجالات | D7: 79 | E7: المجالات - 79 | F7: =IF(COUNTIFS('الوحدات'!B:B,B7,'الوحدات'!M:M,"متاحة")>0,"متاح", IF(COUNTIFS('الوحدات'!B:B,B7,'الوحدات'!M:M,"<>")=0, "", IF(COUNTIFS('الوحدات'!B:B,B7,'الوحدات'!M:M,"تحت الإنشاء")=COUNTIFS('الوحدات'!B:B,B7,'الوحدات'!M:M,"<>"), "تحت الإنشاء", IF(COUNTIFS('الوحدات'!B:B,B7,'الوحدات'!M:M,"تحت الإنشاء")>0, "تحت الإنشاء جزئيا", "مباعة" )))) -> متاح | G7: =IFERROR(__xludf.DUMMYFUNCTION("IF(SUMPRODUCT(('الوحدات'!B:B=B7)*REGEXMATCH(TRIM('الوحدات'!J:J),""^(تاون هاوس|دور|شقة|فيلا)$""))>0,""سكني"","""")"),"سكني") -> سكني | H7: =IFERROR(__xludf.DUMMYFUNCTION("TEXTJOIN(""-"", TRUE, UNIQUE(FILTER('الوحدات'!J:J, 'الوحدات'!B:B = B7))) "),"فيلا-دور") -> فيلا-دور | J7: https://maps.app.goo.gl/irPzaUaLrvcgyAu49 | K7: شمال | L7: المملكة العربية السعودية | M7: الرياض | N7: الصحافة | R7: صالة جلوس, مجلس, غرفة سائق | S7: =COUNTIF('الوحدات'!B:B, B7) -> 5 | T7: =COUNTIFS('الوحدات'!B:B, B7, 'الوحدات'!M:M, "متاحة") -> 5 | U7: =COUNTIFS('الوحدات'!B:B, B7, 'الوحدات'!M:M, "تحت الإنشاء") -> 0 | V7: =COUNTIFS('الوحدات'!B:B, B7, 'الوحدات'!M:M, "محجوزة") -> 0 | W7: =COUNTIFS('الوحدات'!B:B, B7, 'الوحدات'!M:M, "مباعة") -> 0 | X7: =IFERROR(AVERAGEIFS('الوحدات'!L:L, 'الوحدات'!B:B, B7), "") -> 2690000 | Y7: =IFERROR(AVERAGEIFS('الوحدات'!L:L, 'الوحدات'!B:B, B7, 'الوحدات'!M:M, "متاحة"), "") -> 2690000 | Z7: =IFERROR(SUMIFS('الوحدات'!L:L, 'الوحدات'!B:B, B7), "") -> 13450000 | AA7: =AE7/Z7 -> 0 | AB7: =IFERROR(SUMIFS('الوحدات'!L:L, 'الوحدات'!B:B, B7, 'الوحدات'!M:M, "تحت الإنشاء"), "") -> 0 | AC7: =IFERROR(SUMIFS('الوحدات'!L:L, 'الوحدات'!B:B, B7, 'الوحدات'!M:M, "متاحة"), "") -> 13450000 | AD7: =IFERROR(SUMIFS('الوحدات'!L:L, 'الوحدات'!B:B, B7, 'الوحدات'!M:M, "محجوزة"), "") -> 0 | AE7: =IFERROR(SUMIFS('الوحدات'!L:L, 'الوحدات'!B:B, B7, 'الوحدات'!M:M, "مباعة"), "") -> 0 | AF7: =IFERROR(MINIFS('الوحدات'!L:L, 'الوحدات'!B:B, B7), "") -> 1750000 | AG7: =IFERROR(MINIFS('الوحدات'!L:L, 'الوحدات'!B:B, B7, 'الوحدات'!M:M, "متاحة"), "") -> 1750000 | AH7: =IFERROR(MAXIFS('الوحدات'!L:L, 'الوحدات'!B:B, B7), "") -> 3900000 | AI7: =IFERROR(MAXIFS('الوحدات'!L:L, 'الوحدات'!B:B, B7, 'الوحدات'!M:M, "متاحة"), "") -> 3900000 | AJ7: =AH7&"-"&AF7 -> 3900000-1750000 | AK7: =AI7&"-"&AG7 -> 3900000-1750000 | AL7: =IFERROR(MINIFS('الوحدات'!K:K, 'الوحدات'!B:B, B7), "") -> 158 | AM7: =IFERROR(MINIFS('الوحدات'!K:K, 'الوحدات'!B:B, B7, 'الوحدات'!M:M, "متاحة"), "") -> 158 | AN7: =IFERROR(MAXIFS('الوحدات'!K:K, 'الوحدات'!B:B, B7), "") -> 258 | AO7: =IFERROR(MAXIFS('الوحدات'!K:K, 'الوحدات'!B:B, B7, 'الوحدات'!M:M, "متاحة"), "") -> 258 | AP7: =AN7&"-"&AL7 -> 258-158 | AQ7: =AO7&"-"&AM7 -> 258-158 | AR7: =IFERROR(MINIFS('الوحدات'!N:N, 'الوحدات'!B:B, B7), "") -> 3 | AS7: =IFERROR(MINIFS('الوحدات'!N:N, 'الوحدات'!B:B, B7, 'الوحدات'!M:M, "متاحة"), "") -> 3 | AT7: =IFERROR(MAXIFS('الوحدات'!N:N, 'الوحدات'!B:B, B7), "") -> 4 | AU7: =IFERROR(MAXIFS('الوحدات'!N:N, 'الوحدات'!B:B, B7, 'الوحدات'!M:M, "متاحة"), "") -> 4 | AV7: =AT7&"-"&AR7 -> 4-3 | AW7: =AU7&"-"&AS7 -> 4-3 | AX7: =IFERROR(MINIFS('الوحدات'!O:O, 'الوحدات'!B:B, B7), "") -> 3 | AY7: =IFERROR(MINIFS('الوحدات'!O:O, 'الوحدات'!B:B, B7, 'الوحدات'!M:M, "متاحة"), "") -> 3 | AZ7: =IFERROR(MAXIFS('الوحدات'!O:O, 'الوحدات'!B:B, B7), "") -> 6 | BA7: =IFERROR(MAXIFS('الوحدات'!O:O, 'الوحدات'!B:B, B7, 'الوحدات'!M:M, "متاحة"), "") -> 6 | BB7: =AZ7&"-"&AX7 -> 6-3 | BC7: =BA7&"-"&AY7 -> 6-3
A8: 7 | B8: ALN106 | C8: ألين | D8: 106 | E8: ألين - 106 | F8: =IF(COUNTIFS('الوحدات'!B:B,B8,'الوحدات'!M:M,"متاحة")>0,"متاح", IF(COUNTIFS('الوحدات'!B:B,B8,'الوحدات'!M:M,"<>")=0, "", IF(COUNTIFS('الوحدات'!B:B,B8,'الوحدات'!M:M,"تحت الإنشاء")=COUNTIFS('الوحدات'!B:B,B8,'الوحدات'!M:M,"<>"), "تحت الإنشاء", IF(COUNTIFS('الوحدات'!B:B,B8,'الوحدات'!M:M,"تحت الإنشاء")>0, "تحت الإنشاء جزئيا", "مباعة" )))) -> تحت الإنشاء | G8: =IFERROR(__xludf.DUMMYFUNCTION("IF(SUMPRODUCT(('الوحدات'!B:B=B8)*REGEXMATCH(TRIM('الوحدات'!J:J),""^(تاون هاوس|دور|شقة|فيلا)$""))>0,""سكني"","""")"),"سكني") -> سكني | H8: =IFERROR(__xludf.DUMMYFUNCTION("TEXTJOIN(""-"", TRUE, UNIQUE(FILTER('الوحدات'!J:J, 'الوحدات'!B:B = B8))) "),"دور") -> دور | J8: https://maps.app.goo.gl/y4PPVtti2qfr3m8z9 | K8: شرق | M8: الرياض | N8: الروضة | O8: رداح - ألين - الروضة 106 | R8: مجلس, صالة طعام, غرفة خادمة, بلكونة | S8: =COUNTIF('الوحدات'!B:B, B8) -> 2 | T8: =COUNTIFS('الوحدات'!B:B, B8, 'الوحدات'!M:M, "متاحة") -> 0 | U8: =COUNTIFS('الوحدات'!B:B, B8, 'الوحدات'!M:M, "تحت الإنشاء") -> 2 | V8: =COUNTIFS('الوحدات'!B:B, B8, 'الوحدات'!M:M, "محجوزة") -> 0 | W8: =COUNTIFS('الوحدات'!B:B, B8, 'الوحدات'!M:M, "مباعة") -> 0 | X8: =IFERROR(AVERAGEIFS('الوحدات'!L:L, 'الوحدات'!B:B, B8), "") -> 1424000 | Y8: =IFERROR(AVERAGEIFS('الوحدات'!L:L, 'الوحدات'!B:B, B8, 'الوحدات'!M:M, "متاحة"), "") | Z8: =IFERROR(SUMIFS('الوحدات'!L:L, 'الوحدات'!B:B, B8), "") -> 2848000 | AA8: =AE8/Z8 -> 0 | AB8: =IFERROR(SUMIFS('الوحدات'!L:L, 'الوحدات'!B:B, B8, 'الوحدات'!M:M, "تحت الإنشاء"), "") -> 2848000 | AC8: =IFERROR(SUMIFS('الوحدات'!L:L, 'الوحدات'!B:B, B8, 'الوحدات'!M:M, "متاحة"), "") -> 0 | AD8: =IFERROR(SUMIFS('الوحدات'!L:L, 'الوحدات'!B:B, B8, 'الوحدات'!M:M, "محجوزة"), "") -> 0 | AE8: =IFERROR(SUMIFS('الوحدات'!L:L, 'الوحدات'!B:B, B8, 'الوحدات'!M:M, "مباعة"), "") -> 0 | AF8: =IFERROR(MINIFS('الوحدات'!L:L, 'الوحدات'!B:B, B8), "") -> 1399000 | AG8: =IFERROR(MINIFS('الوحدات'!L:L, 'الوحدات'!B:B, B8, 'الوحدات'!M:M, "متاحة"), "") -> 0 | AH8: =IFERROR(MAXIFS('الوحدات'!L:L, 'الوحدات'!B:B, B8), "") -> 1449000 | AI8: =IFERROR(MAXIFS('الوحدات'!L:L, 'الوحدات'!B:B, B8, 'الوحدات'!M:M, "متاحة"), "") -> 0 | AJ8: =AH8&"-"&AF8 -> 1449000-1399000 | AK8: =AI8&"-"&AG8 -> 0-0 | AL8: =IFERROR(MINIFS('الوحدات'!K:K, 'الوحدات'!B:B, B8), "") -> 170 | AM8: =IFERROR(MINIFS('الوحدات'!K:K, 'الوحدات'!B:B, B8, 'الوحدات'!M:M, "متاحة"), "") -> 0 | AN8: =IFERROR(MAXIFS('الوحدات'!K:K, 'الوحدات'!B:B, B8), "") -> 170 | AO8: =IFERROR(MAXIFS('الوحدات'!K:K, 'الوحدات'!B:B, B8, 'الوحدات'!M:M, "متاحة"), "") -> 0 | AP8: =AN8&"-"&AL8 -> 170-170 | AQ8: =AO8&"-"&AM8 -> 0-0 | AR8: =IFERROR(MINIFS('الوحدات'!N:N, 'الوحدات'!B:B, B8), "") -> 3 | AS8: =IFERROR(MINIFS('الوحدات'!N:N, 'الوحدات'!B:B, B8, 'الوحدات'!M:M, "متاحة"), "") -> 0 | AT8: =IFERROR(MAXIFS('الوحدات'!N:N, 'الوحدات'!B:B, B8), "") -> 3 | AU8: =IFERROR(MAXIFS('الوحدات'!N:N, 'الوحدات'!B:B, B8, 'الوحدات'!M:M, "متاحة"), "") -> 0 | AV8: =AT8&"-"&AR8 -> 3-3 | AW8: =AU8&"-"&AS8 -> 0-0 | AX8: =IFERROR(MINIFS('الوحدات'!O:O, 'الوحدات'!B:B, B8), "") -> 4 | AY8: =IFERROR(MINIFS('الوحدات'!O:O, 'الوحدات'!B:B, B8, 'الوحدات'!M:M, "متاحة"), "") -> 0 | AZ8: =IFERROR(MAXIFS('الوحدات'!O:O, 'الوحدات'!B:B, B8), "") -> 4 | BA8: =IFERROR(MAXIFS('الوحدات'!O:O, 'الوحدات'!B:B, B8, 'الوحدات'!M:M, "متاحة"), "") -> 0 | BB8: =AZ8&"-"&AX8 -> 4-4 | BC8: =BA8&"-"&AY8 -> 0-0
A9: 8 | B9: ALN108 | C9: ألين | D9: 108 | E9: ألين - 108 | F9: =IF(COUNTIFS('الوحدات'!B:B,B9,'الوحدات'!M:M,"متاحة")>0,"متاح", IF(COUNTIFS('الوحدات'!B:B,B9,'الوحدات'!M:M,"<>")=0, "", IF(COUNTIFS('الوحدات'!B:B,B9,'الوحدات'!M:M,"تحت الإنشاء")=COUNTIFS('الوحدات'!B:B,B9,'الوحدات'!M:M,"<>"), "تحت الإنشاء", IF(COUNTIFS('الوحدات'!B:B,B9,'الوحدات'!M:M,"تحت الإنشاء")>0, "تحت الإنشاء جزئيا", "مباعة" )))) -> تحت الإنشاء | G9: =IFERROR(__xludf.DUMMYFUNCTION("IF(SUMPRODUCT(('الوحدات'!B:B=B9)*REGEXMATCH(TRIM('الوحدات'!J:J),""^(تاون هاوس|دور|شقة|فيلا)$""))>0,""سكني"","""")"),"سكني") -> سكني | H9: =IFERROR(__xludf.DUMMYFUNCTION("TEXTJOIN(""-"", TRUE, UNIQUE(FILTER('الوحدات'!J:J, 'الوحدات'!B:B = B9))) "),"دور") -> دور | J9: https://maps.app.goo.gl/Zv5gYWbaA7QQA23C7 | K9: شرق | L9: المملكة العربية السعودية | M9: الرياض | N9: الملز | O9: رداح - ألين - الملز 108 | R9: مجلس, صالة طعام, غرفة خادمة, بلكونة, فناء خارجي, غرفة خدمات, غرفة غسيل, صالة جلوس | S9: =COUNTIF('الوحدات'!B:B, B9) -> 6 | T9: =COUNTIFS('الوحدات'!B:B, B9, 'الوحدات'!M:M, "متاحة") -> 0 | U9: =COUNTIFS('الوحدات'!B:B, B9, 'الوحدات'!M:M, "تحت الإنشاء") -> 6 | V9: =COUNTIFS('الوحدات'!B:B, B9, 'الوحدات'!M:M, "محجوزة") -> 0 | W9: =COUNTIFS('الوحدات'!B:B, B9, 'الوحدات'!M:M, "مباعة") -> 0 | X9: =IFERROR(AVERAGEIFS('الوحدات'!L:L, 'الوحدات'!B:B, B9), "") -> 1532333.3 | Y9: =IFERROR(AVERAGEIFS('الوحدات'!L:L, 'الوحدات'!B:B, B9, 'الوحدات'!M:M, "متاحة"), "") | Z9: =IFERROR(SUMIFS('الوحدات'!L:L, 'الوحدات'!B:B, B9), "") -> 9194000 | AA9: =AE9/Z9 -> 0 | AB9: =IFERROR(SUMIFS('الوحدات'!L:L, 'الوحدات'!B:B, B9, 'الوحدات'!M:M, "تحت الإنشاء"), "") -> 9194000 | AC9: =IFERROR(SUMIFS('الوحدات'!L:L, 'الوحدات'!B:B, B9, 'الوحدات'!M:M, "متاحة"), "") -> 0 | AD9: =IFERROR(SUMIFS('الوحدات'!L:L, 'الوحدات'!B:B, B9, 'الوحدات'!M:M, "محجوزة"), "") -> 0 | AE9: =IFERROR(SUMIFS('الوحدات'!L:L, 'الوحدات'!B:B, B9, 'الوحدات'!M:M, "مباعة"), "") -> 0 | AF9: =IFERROR(MINIFS('الوحدات'!L:L, 'الوحدات'!B:B, B9), "") -> 1349000 | AG9: =IFERROR(MINIFS('الوحدات'!L:L, 'الوحدات'!B:B, B9, 'الوحدات'!M:M, "متاحة"), "") -> 0 | AH9: =IFERROR(MAXIFS('الوحدات'!L:L, 'الوحدات'!B:B, B9), "") -> 1699000 | AI9: =IFERROR(MAXIFS('الوحدات'!L:L, 'الوحدات'!B:B, B9, 'الوحدات'!M:M, "متاحة"), "") -> 0 | AJ9: =AH9&"-"&AF9 -> 1699000-1349000 | AK9: =AI9&"-"&AG9 -> 0-0 | AL9: =IFERROR(MINIFS('الوحدات'!K:K, 'الوحدات'!B:B, B9), "") -> 154 | AM9: =IFERROR(MINIFS('الوحدات'!K:K, 'الوحدات'!B:B, B9, 'الوحدات'!M:M, "متاحة"), "") -> 0 | AN9: =IFERROR(MAXIFS('الوحدات'!K:K, 'الوحدات'!B:B, B9), "") -> 179 | AO9: =IFERROR(MAXIFS('الوحدات'!K:K, 'الوحدات'!B:B, B9, 'الوحدات'!M:M, "متاحة"), "") -> 0 | AP9: =AN9&"-"&AL9 -> 179-154 | AQ9: =AO9&"-"&AM9 -> 0-0 | AR9: =IFERROR(MINIFS('الوحدات'!N:N, 'الوحدات'!B:B, B9), "") -> 3 | AS9: =IFERROR(MINIFS('الوحدات'!N:N, 'الوحدات'!B:B, B9, 'الوحدات'!M:M, "متاحة"), "") -> 0 | AT9: =IFERROR(MAXIFS('الوحدات'!N:N, 'الوحدات'!B:B, B9), "") -> 3 | AU9: =IFERROR(MAXIFS('الوحدات'!N:N, 'الوحدات'!B:B, B9, 'الوحدات'!M:M, "متاحة"), "") -> 0 | AV9: =AT9&"-"&AR9 -> 3-3 | AW9: =AU9&"-"&AS9 -> 0-0 | AX9: =IFERROR(MINIFS('الوحدات'!O:O, 'الوحدات'!B:B, B9), "") -> 3 | AY9: =IFERROR(MINIFS('الوحدات'!O:O, 'الوحدات'!B:B, B9, 'الوحدات'!M:M, "متاحة"), "") -> 0 | AZ9: =IFERROR(MAXIFS('الوحدات'!O:O, 'الوحدات'!B:B, B9), "") -> 5 | BA9: =IFERROR(MAXIFS('الوحدات'!O:O, 'الوحدات'!B:B, B9, 'الوحدات'!M:M, "متاحة"), "") -> 0 | BB9: =AZ9&"-"&AX9 -> 5-3 | BC9: =BA9&"-"&AY9 -> 0-0
A10: 9 | B10: ALN120 | C10: ألين | D10: 120 | E10: ألين - 120 | F10: =IF(COUNTIFS('الوحدات'!B:B,B10,'الوحدات'!M:M,"متاحة")>0,"متاح", IF(COUNTIFS('الوحدات'!B:B,B10,'الوحدات'!M:M,"<>")=0, "", IF(COUNTIFS('الوحدات'!B:B,B10,'الوحدات'!M:M,"تحت الإنشاء")=COUNTIFS('الوحدات'!B:B,B10,'الوحدات'!M:M,"<>"), "تحت الإنشاء", IF(COUNTIFS('الوحدات'!B:B,B10,'الوحدات'!M:M,"تحت الإنشاء")>0, "تحت الإنشاء جزئيا", "مباعة" )))) -> تحت الإنشاء | G10: =IFERROR(__xludf.DUMMYFUNCTION("IF(SUMPRODUCT(('الوحدات'!B:B=B10)*REGEXMATCH(TRIM('الوحدات'!J:J),""^(تاون هاوس|دور|شقة|فيلا)$""))>0,""سكني"","""")"),"سكني") -> سكني | H10: =IFERROR(__xludf.DUMMYFUNCTION("TEXTJOIN(""-"", TRUE, UNIQUE(FILTER('الوحدات'!J:J, 'الوحدات'!B:B = B10))) "),"شقة") -> شقة | J10: https://maps.app.goo.gl/v3gDHhxP3SsNPscp7 | K10: شمال | L10: المملكة العربية السعودية | M10: الرياض | N10: المحمدية | O10: رداح - ألين - المحمدية 120 | R10: غرفة خدمات, صالة جلوس, فناء خارجي, بلكونة | S10: =COUNTIF('الوحدات'!B:B, B10) -> 6 | T10: =COUNTIFS('الوحدات'!B:B, B10, 'الوحدات'!M:M, "متاحة") -> 0 | U10: =COUNTIFS('الوحدات'!B:B, B10, 'الوحدات'!M:M, "تحت الإنشاء") -> 6 | V10: =COUNTIFS('الوحدات'!B:B, B10, 'الوحدات'!M:M, "محجوزة") -> 0 | W10: =COUNTIFS('الوحدات'!B:B, B10, 'الوحدات'!M:M, "مباعة") -> 0 | X10: =IFERROR(AVERAGEIFS('الوحدات'!L:L, 'الوحدات'!B:B, B10), "") -> 1967333.3 | Y10: =IFERROR(AVERAGEIFS('الوحدات'!L:L, 'الوحدات'!B:B, B10, 'الوحدات'!M:M, "متاحة"), "") | Z10: =IFERROR(SUMIFS('الوحدات'!L:L, 'الوحدات'!B:B, B10), "") -> 11804000 | AA10: =AE10/Z10 -> 0 | AB10: =IFERROR(SUMIFS('الوحدات'!L:L, 'الوحدات'!B:B, B10, 'الوحدات'!M:M, "تحت الإنشاء"), "") -> 11804000 | AC10: =IFERROR(SUMIFS('الوحدات'!L:L, 'الوحدات'!B:B, B10, 'الوحدات'!M:M, "متاحة"), "") -> 0 | AD10: =IFERROR(SUMIFS('الوحدات'!L:L, 'الوحدات'!B:B, B10, 'الوحدات'!M:M, "محجوزة"), "") -> 0 | AE10: =IFERROR(SUMIFS('الوحدات'!L:L, 'الوحدات'!B:B, B10, 'الوحدات'!M:M, "مباعة"), "") -> 0 | AF10: =IFERROR(MINIFS('الوحدات'!L:L, 'الوحدات'!B:B, B10), "") -> 1799000 | AG10: =IFERROR(MINIFS('الوحدات'!L:L, 'الوحدات'!B:B, B10, 'الوحدات'!M:M, "متاحة"), "") -> 0 | AH10: =IFERROR(MAXIFS('الوحدات'!L:L, 'الوحدات'!B:B, B10), "") -> 2149000 | AI10: =IFERROR(MAXIFS('الوحدات'!L:L, 'الوحدات'!B:B, B10, 'الوحدات'!M:M, "متاحة"), "") -> 0 | AJ10: =AH10&"-"&AF10 -> 2149000-1799000 | AK10: =AI10&"-"&AG10 -> 0-0 | AL10: =IFERROR(MINIFS('الوحدات'!K:K, 'الوحدات'!B:B, B10), "") -> 136 | AM10: =IFERROR(MINIFS('الوحدات'!K:K, 'الوحدات'!B:B, B10, 'الوحدات'!M:M, "متاحة"), "") -> 0 | AN10: =IFERROR(MAXIFS('الوحدات'!K:K, 'الوحدات'!B:B, B10), "") -> 136 | AO10: =IFERROR(MAXIFS('الوحدات'!K:K, 'الوحدات'!B:B, B10, 'الوحدات'!M:M, "متاحة"), "") -> 0 | AP10: =AN10&"-"&AL10 -> 136-136 | AQ10: =AO10&"-"&AM10 -> 0-0 | AR10: =IFERROR(MINIFS('الوحدات'!N:N, 'الوحدات'!B:B, B10), "") -> 3 | AS10: =IFERROR(MINIFS('الوحدات'!N:N, 'الوحدات'!B:B, B10, 'الوحدات'!M:M, "متاحة"), "") -> 0 | AT10: =IFERROR(MAXIFS('الوحدات'!N:N, 'الوحدات'!B:B, B10), "") -> 3 | AU10: =IFERROR(MAXIFS('الوحدات'!N:N, 'الوحدات'!B:B, B10, 'الوحدات'!M:M, "متاحة"), "") -> 0 | AV10: =AT10&"-"&AR10 -> 3-3 | AW10: =AU10&"-"&AS10 -> 0-0 | AX10: =IFERROR(MINIFS('الوحدات'!O:O, 'الوحدات'!B:B, B10), "") -> 3 | AY10: =IFERROR(MINIFS('الوحدات'!O:O, 'الوحدات'!B:B, B10, 'الوحدات'!M:M, "متاحة"), "") -> 0 | AZ10: =IFERROR(MAXIFS('الوحدات'!O:O, 'الوحدات'!B:B, B10), "") -> 3 | BA10: =IFERROR(MAXIFS('الوحدات'!O:O, 'الوحدات'!B:B, B10, 'الوحدات'!M:M, "متاحة"), "") -> 0 | BB10: =AZ10&"-"&AX10 -> 3-3 | BC10: =BA10&"-"&AY10 -> 0-0
A11: 10 | B11: AIN21 | C11: ميسان | D11: 21 | E11: آين | F11: =IF(COUNTIFS('الوحدات'!B:B,B11,'الوحدات'!M:M,"متاحة")>0,"متاح", IF(COUNTIFS('الوحدات'!B:B,B11,'الوحدات'!M:M,"<>")=0, "", IF(COUNTIFS('الوحدات'!B:B,B11,'الوحدات'!M:M,"تحت الإنشاء")=COUNTIFS('الوحدات'!B:B,B11,'الوحدات'!M:M,"<>"), "تحت الإنشاء", IF(COUNTIFS('الوحدات'!B:B,B11,'الوحدات'!M:M,"تحت الإنشاء")>0, "تحت الإنشاء جزئيا", "مباعة" )))) -> متاح | G11: =IFERROR(__xludf.DUMMYFUNCTION("IF(SUMPRODUCT(('الوحدات'!B:B=B11)*REGEXMATCH(TRIM('الوحدات'!J:J),""^(تاون هاوس|دور|شقة|فيلا)$""))>0,""سكني"","""")"),"سكني") -> سكني | H11: =IFERROR(__xludf.DUMMYFUNCTION("TEXTJOIN(""-"", TRUE, UNIQUE(FILTER('الوحدات'!J:J, 'الوحدات'!B:B = B11))) "),"دور") -> دور | J11: https://goo.gl/maps/fbK93s6v1kVooZMVA | K11: شمال | L11: المملكة العربية السعودية | M11: الرياض | N11: الحمراء | S11: =COUNTIF('الوحدات'!B:B, B11) -> 6 | T11: =COUNTIFS('الوحدات'!B:B, B11, 'الوحدات'!M:M, "متاحة") -> 5 | U11: =COUNTIFS('الوحدات'!B:B, B11, 'الوحدات'!M:M, "تحت الإنشاء") -> 0 | V11: =COUNTIFS('الوحدات'!B:B, B11, 'الوحدات'!M:M, "محجوزة") -> 0 | W11: =COUNTIFS('الوحدات'!B:B, B11, 'الوحدات'!M:M, "مباعة") -> 1 | X11: =IFERROR(AVERAGEIFS('الوحدات'!L:L, 'الوحدات'!B:B, B11), "") -> 1507000 | Y11: =IFERROR(AVERAGEIFS('الوحدات'!L:L, 'الوحدات'!B:B, B11, 'الوحدات'!M:M, "متاحة"), "") -> 1507000 | Z11: =IFERROR(SUMIFS('الوحدات'!L:L, 'الوحدات'!B:B, B11), "") -> 7535000 | AA11: =AE11/Z11 -> 0 | AB11: =IFERROR(SUMIFS('الوحدات'!L:L, 'الوحدات'!B:B, B11, 'الوحدات'!M:M, "تحت الإنشاء"), "") -> 0 | AC11: =IFERROR(SUMIFS('الوحدات'!L:L, 'الوحدات'!B:B, B11, 'الوحدات'!M:M, "متاحة"), "") -> 7535000 | AD11: =IFERROR(SUMIFS('الوحدات'!L:L, 'الوحدات'!B:B, B11, 'الوحدات'!M:M, "محجوزة"), "") -> 0 | AE11: =IFERROR(SUMIFS('الوحدات'!L:L, 'الوحدات'!B:B, B11, 'الوحدات'!M:M, "مباعة"), "") -> 0 | AF11: =IFERROR(MINIFS('الوحدات'!L:L, 'الوحدات'!B:B, B11), "") -> 1245000 | AG11: =IFERROR(MINIFS('الوحدات'!L:L, 'الوحدات'!B:B, B11, 'الوحدات'!M:M, "متاحة"), "") -> 1245000 | AH11: =IFERROR(MAXIFS('الوحدات'!L:L, 'الوحدات'!B:B, B11), "") -> 1855000 | AI11: =IFERROR(MAXIFS('الوحدات'!L:L, 'الوحدات'!B:B, B11, 'الوحدات'!M:M, "متاحة"), "") -> 1855000 | AJ11: =AH11&"-"&AF11 -> 1855000-1245000 | AK11: =AI11&"-"&AG11 -> 1855000-1245000 | AL11: =IFERROR(MINIFS('الوحدات'!K:K, 'الوحدات'!B:B, B11), "") -> 188 | AM11: =IFERROR(MINIFS('الوحدات'!K:K, 'الوحدات'!B:B, B11, 'الوحدات'!M:M, "متاحة"), "") -> 188 | AN11: =IFERROR(MAXIFS('الوحدات'!K:K, 'الوحدات'!B:B, B11), "") -> 243 | AO11: =IFERROR(MAXIFS('الوحدات'!K:K, 'الوحدات'!B:B, B11, 'الوحدات'!M:M, "متاحة"), "") -> 243 | AP11: =AN11&"-"&AL11 -> 243-188 | AQ11: =AO11&"-"&AM11 -> 243-188 | AR11: =IFERROR(MINIFS('الوحدات'!N:N, 'الوحدات'!B:B, B11), "") -> 3 | AS11: =IFERROR(MINIFS('الوحدات'!N:N, 'الوحدات'!B:B, B11, 'الوحدات'!M:M, "متاحة"), "") -> 3 | AT11: =IFERROR(MAXIFS('الوحدات'!N:N, 'الوحدات'!B:B, B11), "") -> 3 | AU11: =IFERROR(MAXIFS('الوحدات'!N:N, 'الوحدات'!B:B, B11, 'الوحدات'!M:M, "متاحة"), "") -> 3 | AV11: =AT11&"-"&AR11 -> 3-3 | AW11: =AU11&"-"&AS11 -> 3-3 | AX11: =IFERROR(MINIFS('الوحدات'!O:O, 'الوحدات'!B:B, B11), "") -> 0 | AY11: =IFERROR(MINIFS('الوحدات'!O:O, 'الوحدات'!B:B, B11, 'الوحدات'!M:M, "متاحة"), "") -> 0 | AZ11: =IFERROR(MAXIFS('الوحدات'!O:O, 'الوحدات'!B:B, B11), "") -> 0 | BA11: =IFERROR(MAXIFS('الوحدات'!O:O, 'الوحدات'!B:B, B11, 'الوحدات'!M:M, "متاحة"), "") -> 0 | BB11: =AZ11&"-"&AX11 -> 0-0 | BC11: =BA11&"-"&AY11 -> 0-0
A12: 11 | B12: SER | C12: يمامة | E12: سيرين | F12: =IF(COUNTIFS('الوحدات'!B:B,B12,'الوحدات'!M:M,"متاحة")>0,"متاح", IF(COUNTIFS('الوحدات'!B:B,B12,'الوحدات'!M:M,"<>")=0, "", IF(COUNTIFS('الوحدات'!B:B,B12,'الوحدات'!M:M,"تحت الإنشاء")=COUNTIFS('الوحدات'!B:B,B12,'الوحدات'!M:M,"<>"), "تحت الإنشاء", IF(COUNTIFS('الوحدات'!B:B,B12,'الوحدات'!M:M,"تحت الإنشاء")>0, "تحت الإنشاء جزئيا", "مباعة" )))) -> متاح | G12: =IFERROR(__xludf.DUMMYFUNCTION("IF(SUMPRODUCT(('الوحدات'!B:B=B12)*REGEXMATCH(TRIM('الوحدات'!J:J),""^(تاون هاوس|دور|شقة|فيلا)$""))>0,""سكني"","""")"),"سكني") -> سكني | H12: =IFERROR(__xludf.DUMMYFUNCTION("TEXTJOIN(""-"", TRUE, UNIQUE(FILTER('الوحدات'!J:J, 'الوحدات'!B:B = B12))) "),"فيلا") -> فيلا | J12: https://maps.app.goo.gl/5yYbPMnuG8Xk46Kf8?g_st=ipc | K12: شرق | L12: المملكة العربية السعودية | M12: الرياض | N12: الصفا | R12: غرفة سائق, غرفة خادمة, غرفة غسيل, صالة طعام, غرفة خدمات, صالة جلوس, مجلس | S12: =COUNTIF('الوحدات'!B:B, B12) -> 11 | T12: =COUNTIFS('الوحدات'!B:B, B12, 'الوحدات'!M:M, "متاحة") -> 11 | U12: =COUNTIFS('الوحدات'!B:B, B12, 'الوحدات'!M:M, "تحت الإنشاء") -> 0 | V12: =COUNTIFS('الوحدات'!B:B, B12, 'الوحدات'!M:M, "محجوزة") -> 0 | W12: =COUNTIFS('الوحدات'!B:B, B12, 'الوحدات'!M:M, "مباعة") -> 0 | X12: =IFERROR(AVERAGEIFS('الوحدات'!L:L, 'الوحدات'!B:B, B12), "") -> 2150000 | Y12: =IFERROR(AVERAGEIFS('الوحدات'!L:L, 'الوحدات'!B:B, B12, 'الوحدات'!M:M, "متاحة"), "") -> 2150000 | Z12: =IFERROR(SUMIFS('الوحدات'!L:L, 'الوحدات'!B:B, B12), "") -> 23650000 | AA12: =AE12/Z12 -> 0 | AB12: =IFERROR(SUMIFS('الوحدات'!L:L, 'الوحدات'!B:B, B12, 'الوحدات'!M:M, "تحت الإنشاء"), "") -> 0 | AC12: =IFERROR(SUMIFS('الوحدات'!L:L, 'الوحدات'!B:B, B12, 'الوحدات'!M:M, "متاحة"), "") -> 23650000 | AD12: =IFERROR(SUMIFS('الوحدات'!L:L, 'الوحدات'!B:B, B12, 'الوحدات'!M:M, "محجوزة"), "") -> 0 | AE12: =IFERROR(SUMIFS('الوحدات'!L:L, 'الوحدات'!B:B, B12, 'الوحدات'!M:M, "مباعة"), "") -> 0 | AF12: =IFERROR(MINIFS('الوحدات'!L:L, 'الوحدات'!B:B, B12), "") -> 2150000 | AG12: =IFERROR(MINIFS('الوحدات'!L:L, 'الوحدات'!B:B, B12, 'الوحدات'!M:M, "متاحة"), "") -> 2150000 | AH12: =IFERROR(MAXIFS('الوحدات'!L:L, 'الوحدات'!B:B, B12), "") -> 2150000 | AI12: =IFERROR(MAXIFS('الوحدات'!L:L, 'الوحدات'!B:B, B12, 'الوحدات'!M:M, "متاحة"), "") -> 2150000 | AJ12: =AH12&"-"&AF12 -> 2150000-2150000 | AK12: =AI12&"-"&AG12 -> 2150000-2150000 | AL12: =IFERROR(MINIFS('الوحدات'!K:K, 'الوحدات'!B:B, B12), "") -> 200 | AM12: =IFERROR(MINIFS('الوحدات'!K:K, 'الوحدات'!B:B, B12, 'الوحدات'!M:M, "متاحة"), "") -> 200 | AN12: =IFERROR(MAXIFS('الوحدات'!K:K, 'الوحدات'!B:B, B12), "") -> 200 | AO12: =IFERROR(MAXIFS('الوحدات'!K:K, 'الوحدات'!B:B, B12, 'الوحدات'!M:M, "متاحة"), "") -> 200 | AP12: =AN12&"-"&AL12 -> 200-200 | AQ12: =AO12&"-"&AM12 -> 200-200 | AR12: =IFERROR(MINIFS('الوحدات'!N:N, 'الوحدات'!B:B, B12), "") -> 5 | AS12: =IFERROR(MINIFS('الوحدات'!N:N, 'الوحدات'!B:B, B12, 'الوحدات'!M:M, "متاحة"), "") -> 5 | AT12: =IFERROR(MAXIFS('الوحدات'!N:N, 'الوحدات'!B:B, B12), "") -> 5 | AU12: =IFERROR(MAXIFS('الوحدات'!N:N, 'الوحدات'!B:B, B12, 'الوحدات'!M:M, "متاحة"), "") -> 5 | AV12: =AT12&"-"&AR12 -> 5-5 | AW12: =AU12&"-"&AS12 -> 5-5 | AX12: =IFERROR(MINIFS('الوحدات'!O:O, 'الوحدات'!B:B, B12), "") -> 6 | AY12: =IFERROR(MINIFS('الوحدات'!O:O, 'الوحدات'!B:B, B12, 'الوحدات'!M:M, "متاحة"), "") -> 6 | AZ12: =IFERROR(MAXIFS('الوحدات'!O:O, 'الوحدات'!B:B, B12), "") -> 6 | BA12: =IFERROR(MAXIFS('الوحدات'!O:O, 'الوحدات'!B:B, B12, 'الوحدات'!M:M, "متاحة"), "") -> 6 | BB12: =AZ12&"-"&AX12 -> 6-6 | BC12: =BA12&"-"&AY12 -> 6-6
A13: 12 | B13: HBS | C13: الحبيب | E13: الحبيب | F13: =IF(COUNTIFS('الوحدات'!B:B,B13,'الوحدات'!M:M,"متاحة")>0,"متاح", IF(COUNTIFS('الوحدات'!B:B,B13,'الوحدات'!M:M,"<>")=0, "", IF(COUNTIFS('الوحدات'!B:B,B13,'الوحدات'!M:M,"تحت الإنشاء")=COUNTIFS('الوحدات'!B:B,B13,'الوحدات'!M:M,"<>"), "تحت الإنشاء", IF(COUNTIFS('الوحدات'!B:B,B13,'الوحدات'!M:M,"تحت الإنشاء")>0, "تحت الإنشاء جزئيا", "مباعة" )))) -> متاح | G13: =IFERROR(__xludf.DUMMYFUNCTION("IF(SUMPRODUCT(('الوحدات'!B:B=B13)*REGEXMATCH(TRIM('الوحدات'!J:J),""^(تاون هاوس|دور|شقة|فيلا)$""))>0,""سكني"","""")"),"سكني") -> سكني | H13: =IFERROR(__xludf.DUMMYFUNCTION("TEXTJOIN(""-"", TRUE, UNIQUE(FILTER('الوحدات'!J:J, 'الوحدات'!B:B = B13))) "),"فيلا") -> فيلا | K13: شرق | L13: المملكة العربية السعودية | M13: الرياض | N13: الصفا | S13: =COUNTIF('الوحدات'!B:B, B13) -> 2 | T13: =COUNTIFS('الوحدات'!B:B, B13, 'الوحدات'!M:M, "متاحة") -> 2 | U13: =COUNTIFS('الوحدات'!B:B, B13, 'الوحدات'!M:M, "تحت الإنشاء") -> 0 | V13: =COUNTIFS('الوحدات'!B:B, B13, 'الوحدات'!M:M, "محجوزة") -> 0 | W13: =COUNTIFS('الوحدات'!B:B, B13, 'الوحدات'!M:M, "مباعة") -> 0 | X13: =IFERROR(AVERAGEIFS('الوحدات'!L:L, 'الوحدات'!B:B, B13), "") -> 2390000 | Y13: =IFERROR(AVERAGEIFS('الوحدات'!L:L, 'الوحدات'!B:B, B13, 'الوحدات'!M:M, "متاحة"), "") -> 2390000 | Z13: =IFERROR(SUMIFS('الوحدات'!L:L, 'الوحدات'!B:B, B13), "") -> 4780000 | AA13: =AE13/Z13 -> 0 | AB13: =IFERROR(SUMIFS('الوحدات'!L:L, 'الوحدات'!B:B, B13, 'الوحدات'!M:M, "تحت الإنشاء"), "") -> 0 | AC13: =IFERROR(SUMIFS('الوحدات'!L:L, 'الوحدات'!B:B, B13, 'الوحدات'!M:M, "متاحة"), "") -> 4780000 | AD13: =IFERROR(SUMIFS('الوحدات'!L:L, 'الوحدات'!B:B, B13, 'الوحدات'!M:M, "محجوزة"), "") -> 0 | AE13: =IFERROR(SUMIFS('الوحدات'!L:L, 'الوحدات'!B:B, B13, 'الوحدات'!M:M, "مباعة"), "") -> 0 | AF13: =IFERROR(MINIFS('الوحدات'!L:L, 'الوحدات'!B:B, B13), "") -> 2390000 | AG13: =IFERROR(MINIFS('الوحدات'!L:L, 'الوحدات'!B:B, B13, 'الوحدات'!M:M, "متاحة"), "") -> 2390000 | AH13: =IFERROR(MAXIFS('الوحدات'!L:L, 'الوحدات'!B:B, B13), "") -> 2390000 | AI13: =IFERROR(MAXIFS('الوحدات'!L:L, 'الوحدات'!B:B, B13, 'الوحدات'!M:M, "متاحة"), "") -> 2390000 | AJ13: =AH13&"-"&AF13 -> 2390000-2390000 | AK13: =AI13&"-"&AG13 -> 2390000-2390000 | AL13: =IFERROR(MINIFS('الوحدات'!K:K, 'الوحدات'!B:B, B13), "") -> 200 | AM13: =IFERROR(MINIFS('الوحدات'!K:K, 'الوحدات'!B:B, B13, 'الوحدات'!M:M, "متاحة"), "") -> 200 | AN13: =IFERROR(MAXIFS('الوحدات'!K:K, 'الوحدات'!B:B, B13), "") -> 200 | AO13: =IFERROR(MAXIFS('الوحدات'!K:K, 'الوحدات'!B:B, B13, 'الوحدات'!M:M, "متاحة"), "") -> 200 | AP13: =AN13&"-"&AL13 -> 200-200 | AQ13: =AO13&"-"&AM13 -> 200-200 | AR13: =IFERROR(MINIFS('الوحدات'!N:N, 'الوحدات'!B:B, B13), "") -> 0 | AS13: =IFERROR(MINIFS('الوحدات'!N:N, 'الوحدات'!B:B, B13, 'الوحدات'!M:M, "متاحة"), "") -> 0 | AT13: =IFERROR(MAXIFS('الوحدات'!N:N, 'الوحدات'!B:B, B13), "") -> 0 | AU13: =IFERROR(MAXIFS('الوحدات'!N:N, 'الوحدات'!B:B, B13, 'الوحدات'!M:M, "متاحة"), "") -> 0 | AV13: =AT13&"-"&AR13 -> 0-0 | AW13: =AU13&"-"&AS13 -> 0-0 | AX13: =IFERROR(MINIFS('الوحدات'!O:O, 'الوحدات'!B:B, B13), "") -> 0 | AY13: =IFERROR(MINIFS('الوحدات'!O:O, 'الوحدات'!B:B, B13, 'الوحدات'!M:M, "متاحة"), "") -> 0 | AZ13: =IFERROR(MAXIFS('الوحدات'!O:O, 'الوحدات'!B:B, B13), "") -> 0 | BA13: =IFERROR(MAXIFS('الوحدات'!O:O, 'الوحدات'!B:B, B13, 'الوحدات'!M:M, "متاحة"), "") -> 0 | BB13: =AZ13&"-"&AX13 -> 0-0 | BC13: =BA13&"-"&AY13 -> 0-0
A14: 13 | B14: MAJ80 | C14: المجالات | D14: 80 | E14: المجالات - 80 | F14: =IF(COUNTIFS('الوحدات'!B:B,B14,'الوحدات'!M:M,"متاحة")>0,"متاح", IF(COUNTIFS('الوحدات'!B:B,B14,'الوحدات'!M:M,"<>")=0, "", IF(COUNTIFS('الوحدات'!B:B,B14,'الوحدات'!M:M,"تحت الإنشاء")=COUNTIFS('الوحدات'!B:B,B14,'الوحدات'!M:M,"<>"), "تحت الإنشاء", IF(COUNTIFS('الوحدات'!B:B,B14,'الوحدات'!M:M,"تحت الإنشاء")>0, "تحت الإنشاء جزئيا", "مباعة" )))) -> متاح | G14: =IFERROR(__xludf.DUMMYFUNCTION("IF(SUMPRODUCT(('الوحدات'!B:B=B14)*REGEXMATCH(TRIM('الوحدات'!J:J),""^(تاون هاوس|دور|شقة|فيلا)$""))>0,""سكني"","""")"),"سكني") -> سكني | H14: =IFERROR(__xludf.DUMMYFUNCTION("TEXTJOIN(""-"", TRUE, UNIQUE(FILTER('الوحدات'!J:J, 'الوحدات'!B:B = B14))) "),"تاون هاوس") -> تاون هاوس | J14: https://maps.app.goo.gl/KhDLpCiJxxoQ1rnf8 | K14: شمال | L14: المملكة العربية السعودية | M14: الرياض | N14: النرجس | R14: صالة جلوس, مجلس, صالة طعام, فناء خارجي, بلكونة | S14: =COUNTIF('الوحدات'!B:B, B14) -> 24 | T14: =COUNTIFS('الوحدات'!B:B, B14, 'الوحدات'!M:M, "متاحة") -> 24 | U14: =COUNTIFS('الوحدات'!B:B, B14, 'الوحدات'!M:M, "تحت الإنشاء") -> 0 | V14: =COUNTIFS('الوحدات'!B:B, B14, 'الوحدات'!M:M, "محجوزة") -> 0 | W14: =COUNTIFS('الوحدات'!B:B, B14, 'الوحدات'!M:M, "مباعة") -> 0 | X14: =IFERROR(AVERAGEIFS('الوحدات'!L:L, 'الوحدات'!B:B, B14), "") -> 2206250 | Y14: =IFERROR(AVERAGEIFS('الوحدات'!L:L, 'الوحدات'!B:B, B14, 'الوحدات'!M:M, "متاحة"), "") -> 2206250 | Z14: =IFERROR(SUMIFS('الوحدات'!L:L, 'الوحدات'!B:B, B14), "") -> 52950000 | AA14: =AE14/Z14 -> 0 | AB14: =IFERROR(SUMIFS('الوحدات'!L:L, 'الوحدات'!B:B, B14, 'الوحدات'!M:M, "تحت الإنشاء"), "") -> 0 | AC14: =IFERROR(SUMIFS('الوحدات'!L:L, 'الوحدات'!B:B, B14, 'الوحدات'!M:M, "متاحة"), "") -> 52950000 | AD14: =IFERROR(SUMIFS('الوحدات'!L:L, 'الوحدات'!B:B, B14, 'الوحدات'!M:M, "محجوزة"), "") -> 0 | AE14: =IFERROR(SUMIFS('الوحدات'!L:L, 'الوحدات'!B:B, B14, 'الوحدات'!M:M, "مباعة"), "") -> 0 | AF14: =IFERROR(MINIFS('الوحدات'!L:L, 'الوحدات'!B:B, B14), "") -> 2175000 | AG14: =IFERROR(MINIFS('الوحدات'!L:L, 'الوحدات'!B:B, B14, 'الوحدات'!M:M, "متاحة"), "") -> 2175000 | AH14: =IFERROR(MAXIFS('الوحدات'!L:L, 'الوحدات'!B:B, B14), "") -> 2425000 | AI14: =IFERROR(MAXIFS('الوحدات'!L:L, 'الوحدات'!B:B, B14, 'الوحدات'!M:M, "متاحة"), "") -> 2425000 | AJ14: =AH14&"-"&AF14 -> 2425000-2175000 | AK14: =AI14&"-"&AG14 -> 2425000-2175000 | AL14: =IFERROR(MINIFS('الوحدات'!K:K, 'الوحدات'!B:B, B14), "") -> 384 | AM14: =IFERROR(MINIFS('الوحدات'!K:K, 'الوحدات'!B:B, B14, 'الوحدات'!M:M, "متاحة"), "") -> 384 | AN14: =IFERROR(MAXIFS('الوحدات'!K:K, 'الوحدات'!B:B, B14), "") -> 517 | AO14: =IFERROR(MAXIFS('الوحدات'!K:K, 'الوحدات'!B:B, B14, 'الوحدات'!M:M, "متاحة"), "") -> 517 | AP14: =AN14&"-"&AL14 -> 517-384 | AQ14: =AO14&"-"&AM14 -> 517-384 | AR14: =IFERROR(MINIFS('الوحدات'!N:N, 'الوحدات'!B:B, B14), "") -> 3 | AS14: =IFERROR(MINIFS('الوحدات'!N:N, 'الوحدات'!B:B, B14, 'الوحدات'!M:M, "متاحة"), "") -> 3 | AT14: =IFERROR(MAXIFS('الوحدات'!N:N, 'الوحدات'!B:B, B14), "") -> 3 | AU14: =IFERROR(MAXIFS('الوحدات'!N:N, 'الوحدات'!B:B, B14, 'الوحدات'!M:M, "متاحة"), "") -> 3 | AV14: =AT14&"-"&AR14 -> 3-3 | AW14: =AU14&"-"&AS14 -> 3-3 | AX14: =IFERROR(MINIFS('الوحدات'!O:O, 'الوحدات'!B:B, B14), "") -> 5 | AY14: =IFERROR(MINIFS('الوحدات'!O:O, 'الوحدات'!B:B, B14, 'الوحدات'!M:M, "متاحة"), "") -> 5 | AZ14: =IFERROR(MAXIFS('الوحدات'!O:O, 'الوحدات'!B:B, B14), "") -> 5 | BA14: =IFERROR(MAXIFS('الوحدات'!O:O, 'الوحدات'!B:B, B14, 'الوحدات'!M:M, "متاحة"), "") -> 5 | BB14: =AZ14&"-"&AX14 -> 5-5 | BC14: =BA14&"-"&AY14 -> 5-5
A15: 14 | B15: ALN88 | C15: ألين | D15: 88 | E15: ="ألين - "&D15 -> ألين - 88 | F15: =IF(COUNTIFS('الوحدات'!B:B,B15,'الوحدات'!M:M,"متاحة")>0,"متاح", IF(COUNTIFS('الوحدات'!B:B,B15,'الوحدات'!M:M,"<>")=0, "", IF(COUNTIFS('الوحدات'!B:B,B15,'الوحدات'!M:M,"تحت الإنشاء")=COUNTIFS('الوحدات'!B:B,B15,'الوحدات'!M:M,"<>"), "تحت الإنشاء", IF(COUNTIFS('الوحدات'!B:B,B15,'الوحدات'!M:M,"تحت الإنشاء")>0, "تحت الإنشاء جزئيا", "مباعة" )))) -> متاح | G15: =IFERROR(__xludf.DUMMYFUNCTION("IF(SUMPRODUCT(('الوحدات'!B:B=B15)*REGEXMATCH(TRIM('الوحدات'!J:J),""^(تاون هاوس|دور|شقة|فيلا)$""))>0,""سكني"","""")"),"سكني") -> سكني | H15: =IFERROR(__xludf.DUMMYFUNCTION("TEXTJOIN(""-"", TRUE, UNIQUE(FILTER('الوحدات'!J:J, 'الوحدات'!B:B = B15))) "),"شقة") -> شقة | J15: https://maps.app.goo.gl/s9q4cMjhhMpxySdb9 | K15: شمال | L15: المملكة العربية السعودية | M15: الرياض | N15: الازدهار | O15: https://aleen.cc/Upload/88/details.pdf | S15: =COUNTIF('الوحدات'!B:B, B15) -> 1 | T15: =COUNTIFS('الوحدات'!B:B, B15, 'الوحدات'!M:M, "متاحة") -> 1 | U15: =COUNTIFS('الوحدات'!B:B, B15, 'الوحدات'!M:M, "تحت الإنشاء") -> 0 | V15: =COUNTIFS('الوحدات'!B:B, B15, 'الوحدات'!M:M, "محجوزة") -> 0 | W15: =COUNTIFS('الوحدات'!B:B, B15, 'الوحدات'!M:M, "مباعة") -> 0 | X15: =IFERROR(AVERAGEIFS('الوحدات'!L:L, 'الوحدات'!B:B, B15), "") -> 1499000 | Y15: =IFERROR(AVERAGEIFS('الوحدات'!L:L, 'الوحدات'!B:B, B15, 'الوحدات'!M:M, "متاحة"), "") -> 1499000 | Z15: =IFERROR(SUMIFS('الوحدات'!L:L, 'الوحدات'!B:B, B15), "") -> 1499000 | AA15: =AE15/Z15 -> 0 | AB15: =IFERROR(SUMIFS('الوحدات'!L:L, 'الوحدات'!B:B, B15, 'الوحدات'!M:M, "تحت الإنشاء"), "") -> 0 | AC15: =IFERROR(SUMIFS('الوحدات'!L:L, 'الوحدات'!B:B, B15, 'الوحدات'!M:M, "متاحة"), "") -> 1499000 | AD15: =IFERROR(SUMIFS('الوحدات'!L:L, 'الوحدات'!B:B, B15, 'الوحدات'!M:M, "محجوزة"), "") -> 0 | AE15: =IFERROR(SUMIFS('الوحدات'!L:L, 'الوحدات'!B:B, B15, 'الوحدات'!M:M, "مباعة"), "") -> 0 | AF15: =IFERROR(MINIFS('الوحدات'!L:L, 'الوحدات'!B:B, B15), "") -> 1499000 | AG15: =IFERROR(MINIFS('الوحدات'!L:L, 'الوحدات'!B:B, B15, 'الوحدات'!M:M, "متاحة"), "") -> 1499000 | AH15: =IFERROR(MAXIFS('الوحدات'!L:L, 'الوحدات'!B:B, B15), "") -> 1499000 | AI15: =IFERROR(MAXIFS('الوحدات'!L:L, 'الوحدات'!B:B, B15, 'الوحدات'!M:M, "متاحة"), "") -> 1499000 | AJ15: =AH15&"-"&AF15 -> 1499000-1499000 | AK15: =AI15&"-"&AG15 -> 1499000-1499000 | AL15: =IFERROR(MINIFS('الوحدات'!K:K, 'الوحدات'!B:B, B15), "") -> 109 | AM15: =IFERROR(MINIFS('الوحدات'!K:K, 'الوحدات'!B:B, B15, 'الوحدات'!M:M, "متاحة"), "") -> 109 | AN15: =IFERROR(MAXIFS('الوحدات'!K:K, 'الوحدات'!B:B, B15), "") -> 109 | AO15: =IFERROR(MAXIFS('الوحدات'!K:K, 'الوحدات'!B:B, B15, 'الوحدات'!M:M, "متاحة"), "") -> 109 | AP15: =AN15&"-"&AL15 -> 109-109 | AQ15: =AO15&"-"&AM15 -> 109-109 | AR15: =IFERROR(MINIFS('الوحدات'!N:N, 'الوحدات'!B:B, B15), "") -> 3 | AS15: =IFERROR(MINIFS('الوحدات'!N:N, 'الوحدات'!B:B, B15, 'الوحدات'!M:M, "متاحة"), "") -> 3 | AT15: =IFERROR(MAXIFS('الوحدات'!N:N, 'الوحدات'!B:B, B15), "") -> 3 | AU15: =IFERROR(MAXIFS('الوحدات'!N:N, 'الوحدات'!B:B, B15, 'الوحدات'!M:M, "متاحة"), "") -> 3 | AV15: =AT15&"-"&AR15 -> 3-3 | AW15: =AU15&"-"&AS15 -> 3-3 | AX15: =IFERROR(MINIFS('الوحدات'!O:O, 'الوحدات'!B:B, B15), "") -> 2 | AY15: =IFERROR(MINIFS('الوحدات'!O:O, 'الوحدات'!B:B, B15, 'الوحدات'!M:M, "متاحة"), "") -> 2 | AZ15: =IFERROR(MAXIFS('الوحدات'!O:O, 'الوحدات'!B:B, B15), "") -> 2 | BA15: =IFERROR(MAXIFS('الوحدات'!O:O, 'الوحدات'!B:B, B15, 'الوحدات'!M:M, "متاحة"), "") -> 2 | BB15: =AZ15&"-"&AX15 -> 2-2 | BC15: =BA15&"-"&AY15 -> 2-2
A16: 15 | B16: ALN102 | C16: ألين | D16: 102 | E16: ="ألين - "&D16 -> ألين - 102 | F16: =IF(COUNTIFS('الوحدات'!B:B,B16,'الوحدات'!M:M,"متاحة")>0,"متاح", IF(COUNTIFS('الوحدات'!B:B,B16,'الوحدات'!M:M,"<>")=0, "", IF(COUNTIFS('الوحدات'!B:B,B16,'الوحدات'!M:M,"تحت الإنشاء")=COUNTIFS('الوحدات'!B:B,B16,'الوحدات'!M:M,"<>"), "تحت الإنشاء", IF(COUNTIFS('الوحدات'!B:B,B16,'الوحدات'!M:M,"تحت الإنشاء")>0, "تحت الإنشاء جزئيا", "مباعة" )))) -> تحت الإنشاء | G16: =IFERROR(__xludf.DUMMYFUNCTION("IF(SUMPRODUCT(('الوحدات'!B:B=B16)*REGEXMATCH(TRIM('الوحدات'!J:J),""^(تاون هاوس|دور|شقة|فيلا)$""))>0,""سكني"","""")"),"سكني") -> سكني | H16: =IFERROR(__xludf.DUMMYFUNCTION("TEXTJOIN(""-"", TRUE, UNIQUE(FILTER('الوحدات'!J:J, 'الوحدات'!B:B = B16))) "),"شقة") -> شقة | J16: https://www.google.com/maps/place/24%C2%B046'18.9%22N+46%C2%B037'56.3%22E/@24.7719167,46.6323056,1376m/data=!3m2!1e3!4b1!4m4!3m3!8m2!3d24.7719167!4d46.6323056!5m1!1e1?authuser=0&entry=tts&g_ep=EgoyMDI1MDYyMy4yIPu8ASoASAFQAw%3D%3D&skid=06f74f57-7ddc-40a6-9eae-6803a2eeab30 | K16: شمال | L16: المملكة العربية السعودية | M16: الرياض | N16: العقيق | O16: https://aleen.cc/Upload/102/details.pdf | S16: =COUNTIF('الوحدات'!B:B, B16) -> 2 | T16: =COUNTIFS('الوحدات'!B:B, B16, 'الوحدات'!M:M, "متاحة") -> 0 | U16: =COUNTIFS('الوحدات'!B:B, B16, 'الوحدات'!M:M, "تحت الإنشاء") -> 2 | V16: =COUNTIFS('الوحدات'!B:B, B16, 'الوحدات'!M:M, "محجوزة") -> 0 | W16: =COUNTIFS('الوحدات'!B:B, B16, 'الوحدات'!M:M, "مباعة") -> 0 | X16: =IFERROR(AVERAGEIFS('الوحدات'!L:L, 'الوحدات'!B:B, B16), "") -> 1739000 | Y16: =IFERROR(AVERAGEIFS('الوحدات'!L:L, 'الوحدات'!B:B, B16, 'الوحدات'!M:M, "متاحة"), "") | Z16: =IFERROR(SUMIFS('الوحدات'!L:L, 'الوحدات'!B:B, B16), "") -> 3478000 | AA16: =AE16/Z16 -> 0 | AB16: =IFERROR(SUMIFS('الوحدات'!L:L, 'الوحدات'!B:B, B16, 'الوحدات'!M:M, "تحت الإنشاء"), "") -> 3478000 | AC16: =IFERROR(SUMIFS('الوحدات'!L:L, 'الوحدات'!B:B, B16, 'الوحدات'!M:M, "متاحة"), "") -> 0 | AD16: =IFERROR(SUMIFS('الوحدات'!L:L, 'الوحدات'!B:B, B16, 'الوحدات'!M:M, "محجوزة"), "") -> 0 | AE16: =IFERROR(SUMIFS('الوحدات'!L:L, 'الوحدات'!B:B, B16, 'الوحدات'!M:M, "مباعة"), "") -> 0 | AF16: =IFERROR(MINIFS('الوحدات'!L:L, 'الوحدات'!B:B, B16), "") -> 1599000 | AG16: =IFERROR(MINIFS('الوحدات'!L:L, 'الوحدات'!B:B, B16, 'الوحدات'!M:M, "متاحة"), "") -> 0 | AH16: =IFERROR(MAXIFS('الوحدات'!L:L, 'الوحدات'!B:B, B16), "") -> 1879000 | AI16: =IFERROR(MAXIFS('الوحدات'!L:L, 'الوحدات'!B:B, B16, 'الوحدات'!M:M, "متاحة"), "") -> 0 | AJ16: =AH16&"-"&AF16 -> 1879000-1599000 | AK16: =AI16&"-"&AG16 -> 0-0 | AL16: =IFERROR(MINIFS('الوحدات'!K:K, 'الوحدات'!B:B, B16), "") -> 99 | AM16: =IFERROR(MINIFS('الوحدات'!K:K, 'الوحدات'!B:B, B16, 'الوحدات'!M:M, "متاحة"), "") -> 0 | AN16: =IFERROR(MAXIFS('الوحدات'!K:K, 'الوحدات'!B:B, B16), "") -> 137 | AO16: =IFERROR(MAXIFS('الوحدات'!K:K, 'الوحدات'!B:B, B16, 'الوحدات'!M:M, "متاحة"), "") -> 0 | AP16: =AN16&"-"&AL16 -> 137-99 | AQ16: =AO16&"-"&AM16 -> 0-0 | AR16: =IFERROR(MINIFS('الوحدات'!N:N, 'الوحدات'!B:B, B16), "") -> 2 | AS16: =IFERROR(MINIFS('الوحدات'!N:N, 'الوحدات'!B:B, B16, 'الوحدات'!M:M, "متاحة"), "") -> 0 | AT16: =IFERROR(MAXIFS('الوحدات'!N:N, 'الوحدات'!B:B, B16), "") -> 3 | AU16: =IFERROR(MAXIFS('الوحدات'!N:N, 'الوحدات'!B:B, B16, 'الوحدات'!M:M, "متاحة"), "") -> 0 | AV16: =AT16&"-"&AR16 -> 3-2 | AW16: =AU16&"-"&AS16 -> 0-0 | AX16: =IFERROR(MINIFS('الوحدات'!O:O, 'الوحدات'!B:B, B16), "") -> 3 | AY16: =IFERROR(MINIFS('الوحدات'!O:O, 'الوحدات'!B:B, B16, 'الوحدات'!M:M, "متاحة"), "") -> 0 | AZ16: =IFERROR(MAXIFS('الوحدات'!O:O, 'الوحدات'!B:B, B16), "") -> 4 | BA16: =IFERROR(MAXIFS('الوحدات'!O:O, 'الوحدات'!B:B, B16, 'الوحدات'!M:M, "متاحة"), "") -> 0 | BB16: =AZ16&"-"&AX16 -> 4-3 | BC16: =BA16&"-"&AY16 -> 0-0
A17: 16 | B17: ALN104 | C17: ألين | D17: 104 | E17: ="ألين - "&D17 -> ألين - 104 | F17: =IF(COUNTIFS('الوحدات'!B:B,B17,'الوحدات'!M:M,"متاحة")>0,"متاح", IF(COUNTIFS('الوحدات'!B:B,B17,'الوحدات'!M:M,"<>")=0, "", IF(COUNTIFS('الوحدات'!B:B,B17,'الوحدات'!M:M,"تحت الإنشاء")=COUNTIFS('الوحدات'!B:B,B17,'الوحدات'!M:M,"<>"), "تحت الإنشاء", IF(COUNTIFS('الوحدات'!B:B,B17,'الوحدات'!M:M,"تحت الإنشاء")>0, "تحت الإنشاء جزئيا", "مباعة" )))) -> تحت الإنشاء جزئيا | G17: =IFERROR(__xludf.DUMMYFUNCTION("IF(SUMPRODUCT(('الوحدات'!B:B=B17)*REGEXMATCH(TRIM('الوحدات'!J:J),""^(تاون هاوس|دور|شقة|فيلا)$""))>0,""سكني"","""")"),"سكني") -> سكني | H17: =IFERROR(__xludf.DUMMYFUNCTION("TEXTJOIN(""-"", TRUE, UNIQUE(FILTER('الوحدات'!J:J, 'الوحدات'!B:B = B17))) "),"شقة") -> شقة | J17: https://maps.app.goo.gl/vztQFdMWUJ729zNeA | K17: شمال | L17: المملكة العربية السعودية | M17: الرياض | N17: المغرزات | O17: https://aleen.cc/Upload/104/details.pdf | S17: =COUNTIF('الوحدات'!B:B, B17) -> 3 | T17: =COUNTIFS('الوحدات'!B:B, B17, 'الوحدات'!M:M, "متاحة") -> 0 | U17: =COUNTIFS('الوحدات'!B:B, B17, 'الوحدات'!M:M, "تحت الإنشاء") -> 1 | V17: =COUNTIFS('الوحدات'!B:B, B17, 'الوحدات'!M:M, "محجوزة") -> 0 | W17: =COUNTIFS('الوحدات'!B:B, B17, 'الوحدات'!M:M, "مباعة") -> 2 | X17: =IFERROR(AVERAGEIFS('الوحدات'!L:L, 'الوحدات'!B:B, B17), "") -> 1945666.7 | Y17: =IFERROR(AVERAGEIFS('الوحدات'!L:L, 'الوحدات'!B:B, B17, 'الوحدات'!M:M, "متاحة"), "") | Z17: =IFERROR(SUMIFS('الوحدات'!L:L, 'الوحدات'!B:B, B17), "") -> 5837000 | AA17: =AE17/Z17 -> 0.68494089 | AB17: =IFERROR(SUMIFS('الوحدات'!L:L, 'الوحدات'!B:B, B17, 'الوحدات'!M:M, "تحت الإنشاء"), "") -> 1839000 | AC17: =IFERROR(SUMIFS('الوحدات'!L:L, 'الوحدات'!B:B, B17, 'الوحدات'!M:M, "متاحة"), "") -> 0 | AD17: =IFERROR(SUMIFS('الوحدات'!L:L, 'الوحدات'!B:B, B17, 'الوحدات'!M:M, "محجوزة"), "") -> 0 | AE17: =IFERROR(SUMIFS('الوحدات'!L:L, 'الوحدات'!B:B, B17, 'الوحدات'!M:M, "مباعة"), "") -> 3998000 | AF17: =IFERROR(MINIFS('الوحدات'!L:L, 'الوحدات'!B:B, B17), "") -> 1839000 | AG17: =IFERROR(MINIFS('الوحدات'!L:L, 'الوحدات'!B:B, B17, 'الوحدات'!M:M, "متاحة"), "") -> 0 | AH17: =IFERROR(MAXIFS('الوحدات'!L:L, 'الوحدات'!B:B, B17), "") -> 1999000 | AI17: =IFERROR(MAXIFS('الوحدات'!L:L, 'الوحدات'!B:B, B17, 'الوحدات'!M:M, "متاحة"), "") -> 0 | AJ17: =AH17&"-"&AF17 -> 1999000-1839000 | AK17: =AI17&"-"&AG17 -> 0-0 | AL17: =IFERROR(MINIFS('الوحدات'!K:K, 'الوحدات'!B:B, B17), "") -> 149 | AM17: =IFERROR(MINIFS('الوحدات'!K:K, 'الوحدات'!B:B, B17, 'الوحدات'!M:M, "متاحة"), "") -> 0 | AN17: =IFERROR(MAXIFS('الوحدات'!K:K, 'الوحدات'!B:B, B17), "") -> 164 | AO17: =IFERROR(MAXIFS('الوحدات'!K:K, 'الوحدات'!B:B, B17, 'الوحدات'!M:M, "متاحة"), "") -> 0 | AP17: =AN17&"-"&AL17 -> 164-149 | AQ17: =AO17&"-"&AM17 -> 0-0 | AR17: =IFERROR(MINIFS('الوحدات'!N:N, 'الوحدات'!B:B, B17), "") -> 4 | AS17: =IFERROR(MINIFS('الوحدات'!N:N, 'الوحدات'!B:B, B17, 'الوحدات'!M:M, "متاحة"), "") -> 0 | AT17: =IFERROR(MAXIFS('الوحدات'!N:N, 'الوحدات'!B:B, B17), "") -> 4 | AU17: =IFERROR(MAXIFS('الوحدات'!N:N, 'الوحدات'!B:B, B17, 'الوحدات'!M:M, "متاحة"), "") -> 0 | AV17: =AT17&"-"&AR17 -> 4-4 | AW17: =AU17&"-"&AS17 -> 0-0 | AX17: =IFERROR(MINIFS('الوحدات'!O:O, 'الوحدات'!B:B, B17), "") -> 3 | AY17: =IFERROR(MINIFS('الوحدات'!O:O, 'الوحدات'!B:B, B17, 'الوحدات'!M:M, "متاحة"), "") -> 0 | AZ17: =IFERROR(MAXIFS('الوحدات'!O:O, 'الوحدات'!B:B, B17), "") -> 3 | BA17: =IFERROR(MAXIFS('الوحدات'!O:O, 'الوحدات'!B:B, B17, 'الوحدات'!M:M, "متاحة"), "") -> 0 | BB17: =AZ17&"-"&AX17 -> 3-3 | BC17: =BA17&"-"&AY17 -> 0-0
A18: 17 | B18: ALN112 | C18: ألين | D18: 112 | E18: ="ألين - "&D18 -> ألين - 112 | F18: =IF(COUNTIFS('الوحدات'!B:B,B18,'الوحدات'!M:M,"متاحة")>0,"متاح", IF(COUNTIFS('الوحدات'!B:B,B18,'الوحدات'!M:M,"<>")=0, "", IF(COUNTIFS('الوحدات'!B:B,B18,'الوحدات'!M:M,"تحت الإنشاء")=COUNTIFS('الوحدات'!B:B,B18,'الوحدات'!M:M,"<>"), "تحت الإنشاء", IF(COUNTIFS('الوحدات'!B:B,B18,'الوحدات'!M:M,"تحت الإنشاء")>0, "تحت الإنشاء جزئيا", "مباعة" )))) -> تحت الإنشاء | G18: =IFERROR(__xludf.DUMMYFUNCTION("IF(SUMPRODUCT(('الوحدات'!B:B=B18)*REGEXMATCH(TRIM('الوحدات'!J:J),""^(تاون هاوس|دور|شقة|فيلا)$""))>0,""سكني"","""")"),"سكني") -> سكني | H18: =IFERROR(__xludf.DUMMYFUNCTION("TEXTJOIN(""-"", TRUE, UNIQUE(FILTER('الوحدات'!J:J, 'الوحدات'!B:B = B18))) "),"شقة") -> شقة | J18: https://maps.app.goo.gl/chehxACrY7pjZYJM7 | K18: شمال | L18: المملكة العربية السعودية | M18: الرياض | N18: الفلاح | O18: https://aleen.cc/Upload/112/details.pdf | S18: =COUNTIF('الوحدات'!B:B, B18) -> 7 | T18: =COUNTIFS('الوحدات'!B:B, B18, 'الوحدات'!M:M, "متاحة") -> 0 | U18: =COUNTIFS('الوحدات'!B:B, B18, 'الوحدات'!M:M, "تحت الإنشاء") -> 7 | V18: =COUNTIFS('الوحدات'!B:B, B18, 'الوحدات'!M:M, "محجوزة") -> 0 | W18: =COUNTIFS('الوحدات'!B:B, B18, 'الوحدات'!M:M, "مباعة") -> 0 | X18: =IFERROR(AVERAGEIFS('الوحدات'!L:L, 'الوحدات'!B:B, B18), "") -> 1753285.7 | Y18: =IFERROR(AVERAGEIFS('الوحدات'!L:L, 'الوحدات'!B:B, B18, 'الوحدات'!M:M, "متاحة"), "") | Z18: =IFERROR(SUMIFS('الوحدات'!L:L, 'الوحدات'!B:B, B18), "") -> 12273000 | AA18: =AE18/Z18 -> 0 | AB18: =IFERROR(SUMIFS('الوحدات'!L:L, 'الوحدات'!B:B, B18, 'الوحدات'!M:M, "تحت الإنشاء"), "") -> 12273000 | AC18: =IFERROR(SUMIFS('الوحدات'!L:L, 'الوحدات'!B:B, B18, 'الوحدات'!M:M, "متاحة"), "") -> 0 | AD18: =IFERROR(SUMIFS('الوحدات'!L:L, 'الوحدات'!B:B, B18, 'الوحدات'!M:M, "محجوزة"), "") -> 0 | AE18: =IFERROR(SUMIFS('الوحدات'!L:L, 'الوحدات'!B:B, B18, 'الوحدات'!M:M, "مباعة"), "") -> 0 | AF18: =IFERROR(MINIFS('الوحدات'!L:L, 'الوحدات'!B:B, B18), "") -> 1549000 | AG18: =IFERROR(MINIFS('الوحدات'!L:L, 'الوحدات'!B:B, B18, 'الوحدات'!M:M, "متاحة"), "") -> 0 | AH18: =IFERROR(MAXIFS('الوحدات'!L:L, 'الوحدات'!B:B, B18), "") -> 1999000 | AI18: =IFERROR(MAXIFS('الوحدات'!L:L, 'الوحدات'!B:B, B18, 'الوحدات'!M:M, "متاحة"), "") -> 0 | AJ18: =AH18&"-"&AF18 -> 1999000-1549000 | AK18: =AI18&"-"&AG18 -> 0-0 | AL18: =IFERROR(MINIFS('الوحدات'!K:K, 'الوحدات'!B:B, B18), "") -> 114 | AM18: =IFERROR(MINIFS('الوحدات'!K:K, 'الوحدات'!B:B, B18, 'الوحدات'!M:M, "متاحة"), "") -> 0 | AN18: =IFERROR(MAXIFS('الوحدات'!K:K, 'الوحدات'!B:B, B18), "") -> 135 | AO18: =IFERROR(MAXIFS('الوحدات'!K:K, 'الوحدات'!B:B, B18, 'الوحدات'!M:M, "متاحة"), "") -> 0 | AP18: =AN18&"-"&AL18 -> 135-114 | AQ18: =AO18&"-"&AM18 -> 0-0 | AR18: =IFERROR(MINIFS('الوحدات'!N:N, 'الوحدات'!B:B, B18), "") -> 3 | AS18: =IFERROR(MINIFS('الوحدات'!N:N, 'الوحدات'!B:B, B18, 'الوحدات'!M:M, "متاحة"), "") -> 0 | AT18: =IFERROR(MAXIFS('الوحدات'!N:N, 'الوحدات'!B:B, B18), "") -> 3 | AU18: =IFERROR(MAXIFS('الوحدات'!N:N, 'الوحدات'!B:B, B18, 'الوحدات'!M:M, "متاحة"), "") -> 0 | AV18: =AT18&"-"&AR18 -> 3-3 | AW18: =AU18&"-"&AS18 -> 0-0 | AX18: =IFERROR(MINIFS('الوحدات'!O:O, 'الوحدات'!B:B, B18), "") -> 3 | AY18: =IFERROR(MINIFS('الوحدات'!O:O, 'الوحدات'!B:B, B18, 'الوحدات'!M:M, "متاحة"), "") -> 0 | AZ18: =IFERROR(MAXIFS('الوحدات'!O:O, 'الوحدات'!B:B, B18), "") -> 3 | BA18: =IFERROR(MAXIFS('الوحدات'!O:O, 'الوحدات'!B:B, B18, 'الوحدات'!M:M, "متاحة"), "") -> 0 | BB18: =AZ18&"-"&AX18 -> 3-3 | BC18: =BA18&"-"&AY18 -> 0-0
A19: 18 | B19: ALN122 | C19: ألين | D19: 122 | E19: ="ألين - "&D19 -> ألين - 122 | F19: =IF(COUNTIFS('الوحدات'!B:B,B19,'الوحدات'!M:M,"متاحة")>0,"متاح", IF(COUNTIFS('الوحدات'!B:B,B19,'الوحدات'!M:M,"<>")=0, "", IF(COUNTIFS('الوحدات'!B:B,B19,'الوحدات'!M:M,"تحت الإنشاء")=COUNTIFS('الوحدات'!B:B,B19,'الوحدات'!M:M,"<>"), "تحت الإنشاء", IF(COUNTIFS('الوحدات'!B:B,B19,'الوحدات'!M:M,"تحت الإنشاء")>0, "تحت الإنشاء جزئيا", "مباعة" )))) -> تحت الإنشاء | G19: =IFERROR(__xludf.DUMMYFUNCTION("IF(SUMPRODUCT(('الوحدات'!B:B=B19)*REGEXMATCH(TRIM('الوحدات'!J:J),""^(تاون هاوس|دور|شقة|فيلا)$""))>0,""سكني"","""")"),"سكني") -> سكني | H19: =IFERROR(__xludf.DUMMYFUNCTION("TEXTJOIN(""-"", TRUE, UNIQUE(FILTER('الوحدات'!J:J, 'الوحدات'!B:B = B19))) "),"شقة") -> شقة | I19: 30/2/2026 | J19: https://maps.app.goo.gl/vBnbYV9NfLEoANbi9 | K19: شمال | L19: المملكة العربية السعودية | M19: الرياض | N19: الغدير | O19: https://aleen.cc/Upload/122/details.pdf | S19: =COUNTIF('الوحدات'!B:B, B19) -> 8 | T19: =COUNTIFS('الوحدات'!B:B, B19, 'الوحدات'!M:M, "متاحة") -> 0 | U19: =COUNTIFS('الوحدات'!B:B, B19, 'الوحدات'!M:M, "تحت الإنشاء") -> 8 | V19: =COUNTIFS('الوحدات'!B:B, B19, 'الوحدات'!M:M, "محجوزة") -> 0 | W19: =COUNTIFS('الوحدات'!B:B, B19, 'الوحدات'!M:M, "مباعة") -> 0 | X19: =IFERROR(AVERAGEIFS('الوحدات'!L:L, 'الوحدات'!B:B, B19), "") -> 1705250 | Y19: =IFERROR(AVERAGEIFS('الوحدات'!L:L, 'الوحدات'!B:B, B19, 'الوحدات'!M:M, "متاحة"), "") | Z19: =IFERROR(SUMIFS('الوحدات'!L:L, 'الوحدات'!B:B, B19), "") -> 13642000 | AA19: =AE19/Z19 -> 0 | AB19: =IFERROR(SUMIFS('الوحدات'!L:L, 'الوحدات'!B:B, B19, 'الوحدات'!M:M, "تحت الإنشاء"), "") -> 13642000 | AC19: =IFERROR(SUMIFS('الوحدات'!L:L, 'الوحدات'!B:B, B19, 'الوحدات'!M:M, "متاحة"), "") -> 0 | AD19: =IFERROR(SUMIFS('الوحدات'!L:L, 'الوحدات'!B:B, B19, 'الوحدات'!M:M, "محجوزة"), "") -> 0 | AE19: =IFERROR(SUMIFS('الوحدات'!L:L, 'الوحدات'!B:B, B19, 'الوحدات'!M:M, "مباعة"), "") -> 0 | AF19: =IFERROR(MINIFS('الوحدات'!L:L, 'الوحدات'!B:B, B19), "") -> 1389000 | AG19: =IFERROR(MINIFS('الوحدات'!L:L, 'الوحدات'!B:B, B19, 'الوحدات'!M:M, "متاحة"), "") -> 0 | AH19: =IFERROR(MAXIFS('الوحدات'!L:L, 'الوحدات'!B:B, B19), "") -> 2099000 | AI19: =IFERROR(MAXIFS('الوحدات'!L:L, 'الوحدات'!B:B, B19, 'الوحدات'!M:M, "متاحة"), "") -> 0 | AJ19: =AH19&"-"&AF19 -> 2099000-1389000 | AK19: =AI19&"-"&AG19 -> 0-0 | AL19: =IFERROR(MINIFS('الوحدات'!K:K, 'الوحدات'!B:B, B19), "") -> 98 | AM19: =IFERROR(MINIFS('الوحدات'!K:K, 'الوحدات'!B:B, B19, 'الوحدات'!M:M, "متاحة"), "") -> 0 | AN19: =IFERROR(MAXIFS('الوحدات'!K:K, 'الوحدات'!B:B, B19), "") -> 139 | AO19: =IFERROR(MAXIFS('الوحدات'!K:K, 'الوحدات'!B:B, B19, 'الوحدات'!M:M, "متاحة"), "") -> 0 | AP19: =AN19&"-"&AL19 -> 139-98 | AQ19: =AO19&"-"&AM19 -> 0-0 | AR19: =IFERROR(MINIFS('الوحدات'!N:N, 'الوحدات'!B:B, B19), "") -> 1 | AS19: =IFERROR(MINIFS('الوحدات'!N:N, 'الوحدات'!B:B, B19, 'الوحدات'!M:M, "متاحة"), "") -> 0 | AT19: =IFERROR(MAXIFS('الوحدات'!N:N, 'الوحدات'!B:B, B19), "") -> 3 | AU19: =IFERROR(MAXIFS('الوحدات'!N:N, 'الوحدات'!B:B, B19, 'الوحدات'!M:M, "متاحة"), "") -> 0 | AV19: =AT19&"-"&AR19 -> 3-1 | AW19: =AU19&"-"&AS19 -> 0-0 | AX19: =IFERROR(MINIFS('الوحدات'!O:O, 'الوحدات'!B:B, B19), "") -> 2 | AY19: =IFERROR(MINIFS('الوحدات'!O:O, 'الوحدات'!B:B, B19, 'الوحدات'!M:M, "متاحة"), "") -> 0 | AZ19: =IFERROR(MAXIFS('الوحدات'!O:O, 'الوحدات'!B:B, B19), "") -> 4 | BA19: =IFERROR(MAXIFS('الوحدات'!O:O, 'الوحدات'!B:B, B19, 'الوحدات'!M:M, "متاحة"), "") -> 0 | BB19: =AZ19&"-"&AX19 -> 4-2 | BC19: =BA19&"-"&AY19 -> 0-0
A20: 19 | B20: ALN126 | C20: ألين | D20: 126 | E20: ="ألين - "&D20 -> ألين - 126 | F20: =IF(COUNTIFS('الوحدات'!B:B,B20,'الوحدات'!M:M,"متاحة")>0,"متاح", IF(COUNTIFS('الوحدات'!B:B,B20,'الوحدات'!M:M,"<>")=0, "", IF(COUNTIFS('الوحدات'!B:B,B20,'الوحدات'!M:M,"تحت الإنشاء")=COUNTIFS('الوحدات'!B:B,B20,'الوحدات'!M:M,"<>"), "تحت الإنشاء", IF(COUNTIFS('الوحدات'!B:B,B20,'الوحدات'!M:M,"تحت الإنشاء")>0, "تحت الإنشاء جزئيا", "مباعة" )))) -> تحت الإنشاء | G20: =IFERROR(__xludf.DUMMYFUNCTION("IF(SUMPRODUCT(('الوحدات'!B:B=B20)*REGEXMATCH(TRIM('الوحدات'!J:J),""^(تاون هاوس|دور|شقة|فيلا)$""))>0,""سكني"","""")"),"سكني") -> سكني | H20: =IFERROR(__xludf.DUMMYFUNCTION("TEXTJOIN(""-"", TRUE, UNIQUE(FILTER('الوحدات'!J:J, 'الوحدات'!B:B = B20))) "),"شقة") -> شقة | I20: 46193 | J20: https://maps.app.goo.gl/u3xuGx2EjkDGJ3fz8 | K20: شمال | L20: المملكة العربية السعودية | M20: الرياض | N20: التعاون | O20: https://aleen.cc/Upload/126/details.pdf | S20: =COUNTIF('الوحدات'!B:B, B20) -> 10 | T20: =COUNTIFS('الوحدات'!B:B, B20, 'الوحدات'!M:M, "متاحة") -> 0 | U20: =COUNTIFS('الوحدات'!B:B, B20, 'الوحدات'!M:M, "تحت الإنشاء") -> 10 | V20: =COUNTIFS('الوحدات'!B:B, B20, 'الوحدات'!M:M, "محجوزة") -> 0 | W20: =COUNTIFS('الوحدات'!B:B, B20, 'الوحدات'!M:M, "مباعة") -> 0 | X20: =IFERROR(AVERAGEIFS('الوحدات'!L:L, 'الوحدات'!B:B, B20), "") -> 1609000 | Y20: =IFERROR(AVERAGEIFS('الوحدات'!L:L, 'الوحدات'!B:B, B20, 'الوحدات'!M:M, "متاحة"), "") | Z20: =IFERROR(SUMIFS('الوحدات'!L:L, 'الوحدات'!B:B, B20), "") -> 16090000 | AA20: =AE20/Z20 -> 0 | AB20: =IFERROR(SUMIFS('الوحدات'!L:L, 'الوحدات'!B:B, B20, 'الوحدات'!M:M, "تحت الإنشاء"), "") -> 16090000 | AC20: =IFERROR(SUMIFS('الوحدات'!L:L, 'الوحدات'!B:B, B20, 'الوحدات'!M:M, "متاحة"), "") -> 0 | AD20: =IFERROR(SUMIFS('الوحدات'!L:L, 'الوحدات'!B:B, B20, 'الوحدات'!M:M, "محجوزة"), "") -> 0 | AE20: =IFERROR(SUMIFS('الوحدات'!L:L, 'الوحدات'!B:B, B20, 'الوحدات'!M:M, "مباعة"), "") -> 0 | AF20: =IFERROR(MINIFS('الوحدات'!L:L, 'الوحدات'!B:B, B20), "") -> 1399000 | AG20: =IFERROR(MINIFS('الوحدات'!L:L, 'الوحدات'!B:B, B20, 'الوحدات'!M:M, "متاحة"), "") -> 0 | AH20: =IFERROR(MAXIFS('الوحدات'!L:L, 'الوحدات'!B:B, B20), "") -> 1799000 | AI20: =IFERROR(MAXIFS('الوحدات'!L:L, 'الوحدات'!B:B, B20, 'الوحدات'!M:M, "متاحة"), "") -> 0 | AJ20: =AH20&"-"&AF20 -> 1799000-1399000 | AK20: =AI20&"-"&AG20 -> 0-0 | AL20: =IFERROR(MINIFS('الوحدات'!K:K, 'الوحدات'!B:B, B20), "") -> 87 | AM20: =IFERROR(MINIFS('الوحدات'!K:K, 'الوحدات'!B:B, B20, 'الوحدات'!M:M, "متاحة"), "") -> 0 | AN20: =IFERROR(MAXIFS('الوحدات'!K:K, 'الوحدات'!B:B, B20), "") -> 140 | AO20: =IFERROR(MAXIFS('الوحدات'!K:K, 'الوحدات'!B:B, B20, 'الوحدات'!M:M, "متاحة"), "") -> 0 | AP20: =AN20&"-"&AL20 -> 140-87 | AQ20: =AO20&"-"&AM20 -> 0-0 | AR20: =IFERROR(MINIFS('الوحدات'!N:N, 'الوحدات'!B:B, B20), "") -> 2 | AS20: =IFERROR(MINIFS('الوحدات'!N:N, 'الوحدات'!B:B, B20, 'الوحدات'!M:M, "متاحة"), "") -> 0 | AT20: =IFERROR(MAXIFS('الوحدات'!N:N, 'الوحدات'!B:B, B20), "") -> 3 | AU20: =IFERROR(MAXIFS('الوحدات'!N:N, 'الوحدات'!B:B, B20, 'الوحدات'!M:M, "متاحة"), "") -> 0 | AV20: =AT20&"-"&AR20 -> 3-2 | AW20: =AU20&"-"&AS20 -> 0-0 | AX20: =IFERROR(MINIFS('الوحدات'!O:O, 'الوحدات'!B:B, B20), "") -> 2 | AY20: =IFERROR(MINIFS('الوحدات'!O:O, 'الوحدات'!B:B, B20, 'الوحدات'!M:M, "متاحة"), "") -> 0 | AZ20: =IFERROR(MAXIFS('الوحدات'!O:O, 'الوحدات'!B:B, B20), "") -> 4 | BA20: =IFERROR(MAXIFS('الوحدات'!O:O, 'الوحدات'!B:B, B20, 'الوحدات'!M:M, "متاحة"), "") -> 0 | BB20: =AZ20&"-"&AX20 -> 4-2 | BC20: =BA20&"-"&AY20 -> 0-0
A21: 20 | B21: ALN130 | C21: ألين | D21: 130 | E21: ="ألين - "&D21 -> ألين - 130 | F21: =IF(COUNTIFS('الوحدات'!B:B,B21,'الوحدات'!M:M,"متاحة")>0,"متاح", IF(COUNTIFS('الوحدات'!B:B,B21,'الوحدات'!M:M,"<>")=0, "", IF(COUNTIFS('الوحدات'!B:B,B21,'الوحدات'!M:M,"تحت الإنشاء")=COUNTIFS('الوحدات'!B:B,B21,'الوحدات'!M:M,"<>"), "تحت الإنشاء", IF(COUNTIFS('الوحدات'!B:B,B21,'الوحدات'!M:M,"تحت الإنشاء")>0, "تحت الإنشاء جزئيا", "مباعة" )))) -> تحت الإنشاء | G21: =IFERROR(__xludf.DUMMYFUNCTION("IF(SUMPRODUCT(('الوحدات'!B:B=B21)*REGEXMATCH(TRIM('الوحدات'!J:J),""^(تاون هاوس|دور|شقة|فيلا)$""))>0,""سكني"","""")"),"سكني") -> سكني | H21: =IFERROR(__xludf.DUMMYFUNCTION("TEXTJOIN(""-"", TRUE, UNIQUE(FILTER('الوحدات'!J:J, 'الوحدات'!B:B = B21))) "),"شقة") -> شقة | I21: 46232 | J21: https://maps.app.goo.gl/pg9DFJuaWSKCwKzV6 | K21: شمال | L21: المملكة العربية السعودية | M21: الرياض | N21: حطين | O21: https://aleen.cc/Upload/130/details.pdf | S21: =COUNTIF('الوحدات'!B:B, B21) -> 30 | T21: =COUNTIFS('الوحدات'!B:B, B21, 'الوحدات'!M:M, "متاحة") -> 0 | U21: =COUNTIFS('الوحدات'!B:B, B21, 'الوحدات'!M:M, "تحت الإنشاء") -> 30 | V21: =COUNTIFS('الوحدات'!B:B, B21, 'الوحدات'!M:M, "محجوزة") -> 0 | W21: =COUNTIFS('الوحدات'!B:B, B21, 'الوحدات'!M:M, "مباعة") -> 0 | X21: =IFERROR(AVERAGEIFS('الوحدات'!L:L, 'الوحدات'!B:B, B21), "") -> 2055000 | Y21: =IFERROR(AVERAGEIFS('الوحدات'!L:L, 'الوحدات'!B:B, B21, 'الوحدات'!M:M, "متاحة"), "") | Z21: =IFERROR(SUMIFS('الوحدات'!L:L, 'الوحدات'!B:B, B21), "") -> 61650000 | AA21: =AE21/Z21 -> 0 | AB21: =IFERROR(SUMIFS('الوحدات'!L:L, 'الوحدات'!B:B, B21, 'الوحدات'!M:M, "تحت الإنشاء"), "") -> 61650000 | AC21: =IFERROR(SUMIFS('الوحدات'!L:L, 'الوحدات'!B:B, B21, 'الوحدات'!M:M, "متاحة"), "") -> 0 | AD21: =IFERROR(SUMIFS('الوحدات'!L:L, 'الوحدات'!B:B, B21, 'الوحدات'!M:M, "محجوزة"), "") -> 0 | AE21: =IFERROR(SUMIFS('الوحدات'!L:L, 'الوحدات'!B:B, B21, 'الوحدات'!M:M, "مباعة"), "") -> 0 | AF21: =IFERROR(MINIFS('الوحدات'!L:L, 'الوحدات'!B:B, B21), "") -> 1559000 | AG21: =IFERROR(MINIFS('الوحدات'!L:L, 'الوحدات'!B:B, B21, 'الوحدات'!M:M, "متاحة"), "") -> 0 | AH21: =IFERROR(MAXIFS('الوحدات'!L:L, 'الوحدات'!B:B, B21), "") -> 2699000 | AI21: =IFERROR(MAXIFS('الوحدات'!L:L, 'الوحدات'!B:B, B21, 'الوحدات'!M:M, "متاحة"), "") -> 0 | AJ21: =AH21&"-"&AF21 -> 2699000-1559000 | AK21: =AI21&"-"&AG21 -> 0-0 | AL21: =IFERROR(MINIFS('الوحدات'!K:K, 'الوحدات'!B:B, B21), "") -> 89 | AM21: =IFERROR(MINIFS('الوحدات'!K:K, 'الوحدات'!B:B, B21, 'الوحدات'!M:M, "متاحة"), "") -> 0 | AN21: =IFERROR(MAXIFS('الوحدات'!K:K, 'الوحدات'!B:B, B21), "") -> 170 | AO21: =IFERROR(MAXIFS('الوحدات'!K:K, 'الوحدات'!B:B, B21, 'الوحدات'!M:M, "متاحة"), "") -> 0 | AP21: =AN21&"-"&AL21 -> 170-89 | AQ21: =AO21&"-"&AM21 -> 0-0 | AR21: =IFERROR(MINIFS('الوحدات'!N:N, 'الوحدات'!B:B, B21), "") -> 2 | AS21: =IFERROR(MINIFS('الوحدات'!N:N, 'الوحدات'!B:B, B21, 'الوحدات'!M:M, "متاحة"), "") -> 0 | AT21: =IFERROR(MAXIFS('الوحدات'!N:N, 'الوحدات'!B:B, B21), "") -> 3 | AU21: =IFERROR(MAXIFS('الوحدات'!N:N, 'الوحدات'!B:B, B21, 'الوحدات'!M:M, "متاحة"), "") -> 0 | AV21: =AT21&"-"&AR21 -> 3-2 | AW21: =AU21&"-"&AS21 -> 0-0 | AX21: =IFERROR(MINIFS('الوحدات'!O:O, 'الوحدات'!B:B, B21), "") -> 3 | AY21: =IFERROR(MINIFS('الوحدات'!O:O, 'الوحدات'!B:B, B21, 'الوحدات'!M:M, "متاحة"), "") -> 0 | AZ21: =IFERROR(MAXIFS('الوحدات'!O:O, 'الوحدات'!B:B, B21), "") -> 4 | BA21: =IFERROR(MAXIFS('الوحدات'!O:O, 'الوحدات'!B:B, B21, 'الوحدات'!M:M, "متاحة"), "") -> 0 | BB21: =AZ21&"-"&AX21 -> 4-3 | BC21: =BA21&"-"&AY21 -> 0-0
A22: 21 | B22: ALN138 | C22: ألين | D22: 138 | E22: ="ألين - "&D22 -> ألين - 138 | F22: =IF(COUNTIFS('الوحدات'!B:B,B22,'الوحدات'!M:M,"متاحة")>0,"متاح", IF(COUNTIFS('الوحدات'!B:B,B22,'الوحدات'!M:M,"<>")=0, "", IF(COUNTIFS('الوحدات'!B:B,B22,'الوحدات'!M:M,"تحت الإنشاء")=COUNTIFS('الوحدات'!B:B,B22,'الوحدات'!M:M,"<>"), "تحت الإنشاء", IF(COUNTIFS('الوحدات'!B:B,B22,'الوحدات'!M:M,"تحت الإنشاء")>0, "تحت الإنشاء جزئيا", "مباعة" )))) -> تحت الإنشاء | G22: =IFERROR(__xludf.DUMMYFUNCTION("IF(SUMPRODUCT(('الوحدات'!B:B=B22)*REGEXMATCH(TRIM('الوحدات'!J:J),""^(تاون هاوس|دور|شقة|فيلا)$""))>0,""سكني"","""")"),"سكني") -> سكني | H22: =IFERROR(__xludf.DUMMYFUNCTION("TEXTJOIN(""-"", TRUE, UNIQUE(FILTER('الوحدات'!J:J, 'الوحدات'!B:B = B22))) "),"شقة") -> شقة | I22: 46232 | J22: https://maps.app.goo.gl/v2sgcJPvGZ6JhYBG6 | K22: شمال | L22: المملكة العربية السعودية | M22: الرياض | N22: القيروان | O22: https://aleen.cc/Upload/138/details.pdf | S22: =COUNTIF('الوحدات'!B:B, B22) -> 10 | T22: =COUNTIFS('الوحدات'!B:B, B22, 'الوحدات'!M:M, "متاحة") -> 0 | U22: =COUNTIFS('الوحدات'!B:B, B22, 'الوحدات'!M:M, "تحت الإنشاء") -> 10 | V22: =COUNTIFS('الوحدات'!B:B, B22, 'الوحدات'!M:M, "محجوزة") -> 0 | W22: =COUNTIFS('الوحدات'!B:B, B22, 'الوحدات'!M:M, "مباعة") -> 0 | X22: =IFERROR(AVERAGEIFS('الوحدات'!L:L, 'الوحدات'!B:B, B22), "") -> 2178000 | Y22: =IFERROR(AVERAGEIFS('الوحدات'!L:L, 'الوحدات'!B:B, B22, 'الوحدات'!M:M, "متاحة"), "") | Z22: =IFERROR(SUMIFS('الوحدات'!L:L, 'الوحدات'!B:B, B22), "") -> 21780000 | AA22: =AE22/Z22 -> 0 | AB22: =IFERROR(SUMIFS('الوحدات'!L:L, 'الوحدات'!B:B, B22, 'الوحدات'!M:M, "تحت الإنشاء"), "") -> 21780000 | AC22: =IFERROR(SUMIFS('الوحدات'!L:L, 'الوحدات'!B:B, B22, 'الوحدات'!M:M, "متاحة"), "") -> 0 | AD22: =IFERROR(SUMIFS('الوحدات'!L:L, 'الوحدات'!B:B, B22, 'الوحدات'!M:M, "محجوزة"), "") -> 0 | AE22: =IFERROR(SUMIFS('الوحدات'!L:L, 'الوحدات'!B:B, B22, 'الوحدات'!M:M, "مباعة"), "") -> 0 | AF22: =IFERROR(MINIFS('الوحدات'!L:L, 'الوحدات'!B:B, B22), "") -> 1919000 | AG22: =IFERROR(MINIFS('الوحدات'!L:L, 'الوحدات'!B:B, B22, 'الوحدات'!M:M, "متاحة"), "") -> 0 | AH22: =IFERROR(MAXIFS('الوحدات'!L:L, 'الوحدات'!B:B, B22), "") -> 2349000 | AI22: =IFERROR(MAXIFS('الوحدات'!L:L, 'الوحدات'!B:B, B22, 'الوحدات'!M:M, "متاحة"), "") -> 0 | AJ22: =AH22&"-"&AF22 -> 2349000-1919000 | AK22: =AI22&"-"&AG22 -> 0-0 | AL22: =IFERROR(MINIFS('الوحدات'!K:K, 'الوحدات'!B:B, B22), "") -> 91 | AM22: =IFERROR(MINIFS('الوحدات'!K:K, 'الوحدات'!B:B, B22, 'الوحدات'!M:M, "متاحة"), "") -> 0 | AN22: =IFERROR(MAXIFS('الوحدات'!K:K, 'الوحدات'!B:B, B22), "") -> 139 | AO22: =IFERROR(MAXIFS('الوحدات'!K:K, 'الوحدات'!B:B, B22, 'الوحدات'!M:M, "متاحة"), "") -> 0 | AP22: =AN22&"-"&AL22 -> 139-91 | AQ22: =AO22&"-"&AM22 -> 0-0 | AR22: =IFERROR(MINIFS('الوحدات'!N:N, 'الوحدات'!B:B, B22), "") -> 2 | AS22: =IFERROR(MINIFS('الوحدات'!N:N, 'الوحدات'!B:B, B22, 'الوحدات'!M:M, "متاحة"), "") -> 0 | AT22: =IFERROR(MAXIFS('الوحدات'!N:N, 'الوحدات'!B:B, B22), "") -> 3 | AU22: =IFERROR(MAXIFS('الوحدات'!N:N, 'الوحدات'!B:B, B22, 'الوحدات'!M:M, "متاحة"), "") -> 0 | AV22: =AT22&"-"&AR22 -> 3-2 | AW22: =AU22&"-"&AS22 -> 0-0 | AX22: =IFERROR(MINIFS('الوحدات'!O:O, 'الوحدات'!B:B, B22), "") -> 2 | AY22: =IFERROR(MINIFS('الوحدات'!O:O, 'الوحدات'!B:B, B22, 'الوحدات'!M:M, "متاحة"), "") -> 0 | AZ22: =IFERROR(MAXIFS('الوحدات'!O:O, 'الوحدات'!B:B, B22), "") -> 4 | BA22: =IFERROR(MAXIFS('الوحدات'!O:O, 'الوحدات'!B:B, B22, 'الوحدات'!M:M, "متاحة"), "") -> 0 | BB22: =AZ22&"-"&AX22 -> 4-2 | BC22: =BA22&"-"&AY22 -> 0-0
A23: 22 | B23: ALN27 | C23: ألين | D23: 27 | E23: ="ألين - "&D23 -> ألين - 27 | F23: =IF(COUNTIFS('الوحدات'!B:B,B23,'الوحدات'!M:M,"متاحة")>0,"متاح", IF(COUNTIFS('الوحدات'!B:B,B23,'الوحدات'!M:M,"<>")=0, "", IF(COUNTIFS('الوحدات'!B:B,B23,'الوحدات'!M:M,"تحت الإنشاء")=COUNTIFS('الوحدات'!B:B,B23,'الوحدات'!M:M,"<>"), "تحت الإنشاء", IF(COUNTIFS('الوحدات'!B:B,B23,'الوحدات'!M:M,"تحت الإنشاء")>0, "تحت الإنشاء جزئيا", "مباعة" )))) -> متاح | G23: =IFERROR(__xludf.DUMMYFUNCTION("IF(SUMPRODUCT(('الوحدات'!B:B=B23)*REGEXMATCH(TRIM('الوحدات'!J:J),""^(تاون هاوس|دور|شقة|فيلا)$""))>0,""سكني"","""")"),"سكني") -> سكني | H23: =IFERROR(__xludf.DUMMYFUNCTION("TEXTJOIN(""-"", TRUE, UNIQUE(FILTER('الوحدات'!J:J, 'الوحدات'!B:B = B23))) "),"دور") -> دور | J23: https://maps.app.goo.gl/JhhefWq7P9bUUjvZ6 | K23: شمال | L23: المملكة العربية السعودية | M23: الرياض | N23: القيروان | O23: https://aleen.cc/Upload/27/details.pdf | S23: =COUNTIF('الوحدات'!B:B, B23) -> 6 | T23: =COUNTIFS('الوحدات'!B:B, B23, 'الوحدات'!M:M, "متاحة") -> 6 | U23: =COUNTIFS('الوحدات'!B:B, B23, 'الوحدات'!M:M, "تحت الإنشاء") -> 0 | V23: =COUNTIFS('الوحدات'!B:B, B23, 'الوحدات'!M:M, "محجوزة") -> 0 | W23: =COUNTIFS('الوحدات'!B:B, B23, 'الوحدات'!M:M, "مباعة") -> 0 | X23: =IFERROR(AVERAGEIFS('الوحدات'!L:L, 'الوحدات'!B:B, B23), "") -> 2717333.3 | Y23: =IFERROR(AVERAGEIFS('الوحدات'!L:L, 'الوحدات'!B:B, B23, 'الوحدات'!M:M, "متاحة"), "") -> 2717333.3 | Z23: =IFERROR(SUMIFS('الوحدات'!L:L, 'الوحدات'!B:B, B23), "") -> 16304000 | AA23: =AE23/Z23 -> 0 | AB23: =IFERROR(SUMIFS('الوحدات'!L:L, 'الوحدات'!B:B, B23, 'الوحدات'!M:M, "تحت الإنشاء"), "") -> 0 | AC23: =IFERROR(SUMIFS('الوحدات'!L:L, 'الوحدات'!B:B, B23, 'الوحدات'!M:M, "متاحة"), "") -> 16304000 | AD23: =IFERROR(SUMIFS('الوحدات'!L:L, 'الوحدات'!B:B, B23, 'الوحدات'!M:M, "محجوزة"), "") -> 0 | AE23: =IFERROR(SUMIFS('الوحدات'!L:L, 'الوحدات'!B:B, B23, 'الوحدات'!M:M, "مباعة"), "") -> 0 | AF23: =IFERROR(MINIFS('الوحدات'!L:L, 'الوحدات'!B:B, B23), "") -> 2639000 | AG23: =IFERROR(MINIFS('الوحدات'!L:L, 'الوحدات'!B:B, B23, 'الوحدات'!M:M, "متاحة"), "") -> 2639000 | AH23: =IFERROR(MAXIFS('الوحدات'!L:L, 'الوحدات'!B:B, B23), "") -> 2769000 | AI23: =IFERROR(MAXIFS('الوحدات'!L:L, 'الوحدات'!B:B, B23, 'الوحدات'!M:M, "متاحة"), "") -> 2769000 | AJ23: =AH23&"-"&AF23 -> 2769000-2639000 | AK23: =AI23&"-"&AG23 -> 2769000-2639000 | AL23: =IFERROR(MINIFS('الوحدات'!K:K, 'الوحدات'!B:B, B23), "") -> 132 | AM23: =IFERROR(MINIFS('الوحدات'!K:K, 'الوحدات'!B:B, B23, 'الوحدات'!M:M, "متاحة"), "") -> 132 | AN23: =IFERROR(MAXIFS('الوحدات'!K:K, 'الوحدات'!B:B, B23), "") -> 165 | AO23: =IFERROR(MAXIFS('الوحدات'!K:K, 'الوحدات'!B:B, B23, 'الوحدات'!M:M, "متاحة"), "") -> 165 | AP23: =AN23&"-"&AL23 -> 165-132 | AQ23: =AO23&"-"&AM23 -> 165-132 | AR23: =IFERROR(MINIFS('الوحدات'!N:N, 'الوحدات'!B:B, B23), "") -> 3 | AS23: =IFERROR(MINIFS('الوحدات'!N:N, 'الوحدات'!B:B, B23, 'الوحدات'!M:M, "متاحة"), "") -> 3 | AT23: =IFERROR(MAXIFS('الوحدات'!N:N, 'الوحدات'!B:B, B23), "") -> 4 | AU23: =IFERROR(MAXIFS('الوحدات'!N:N, 'الوحدات'!B:B, B23, 'الوحدات'!M:M, "متاحة"), "") -> 4 | AV23: =AT23&"-"&AR23 -> 4-3 | AW23: =AU23&"-"&AS23 -> 4-3 | AX23: =IFERROR(MINIFS('الوحدات'!O:O, 'الوحدات'!B:B, B23), "") -> 4 | AY23: =IFERROR(MINIFS('الوحدات'!O:O, 'الوحدات'!B:B, B23, 'الوحدات'!M:M, "متاحة"), "") -> 4 | AZ23: =IFERROR(MAXIFS('الوحدات'!O:O, 'الوحدات'!B:B, B23), "") -> 5 | BA23: =IFERROR(MAXIFS('الوحدات'!O:O, 'الوحدات'!B:B, B23, 'الوحدات'!M:M, "متاحة"), "") -> 5 | BB23: =AZ23&"-"&AX23 -> 5-4 | BC23: =BA23&"-"&AY23 -> 5-4
A24: 23 | B24: ALN98 | C24: ألين | D24: 98 | E24: ="ألين - "&D24 -> ألين - 98 | F24: =IF(COUNTIFS('الوحدات'!B:B,B24,'الوحدات'!M:M,"متاحة")>0,"متاح", IF(COUNTIFS('الوحدات'!B:B,B24,'الوحدات'!M:M,"<>")=0, "", IF(COUNTIFS('الوحدات'!B:B,B24,'الوحدات'!M:M,"تحت الإنشاء")=COUNTIFS('الوحدات'!B:B,B24,'الوحدات'!M:M,"<>"), "تحت الإنشاء", IF(COUNTIFS('الوحدات'!B:B,B24,'الوحدات'!M:M,"تحت الإنشاء")>0, "تحت الإنشاء جزئيا", "مباعة" )))) -> تحت الإنشاء | G24: =IFERROR(__xludf.DUMMYFUNCTION("IF(SUMPRODUCT(('الوحدات'!B:B=B24)*REGEXMATCH(TRIM('الوحدات'!J:J),""^(تاون هاوس|دور|شقة|فيلا)$""))>0,""سكني"","""")"),"سكني") -> سكني | H24: =IFERROR(__xludf.DUMMYFUNCTION("TEXTJOIN(""-"", TRUE, UNIQUE(FILTER('الوحدات'!J:J, 'الوحدات'!B:B = B24))) "),"دور") -> دور | J24: https://maps.app.goo.gl/cP1o1L4xNxf3GKJo6 | K24: شمال | L24: المملكة العربية السعودية | M24: الرياض | N24: العقيق | O24: https://aleen.cc/Upload/98/details.pdf | S24: =COUNTIF('الوحدات'!B:B, B24) -> 3 | T24: =COUNTIFS('الوحدات'!B:B, B24, 'الوحدات'!M:M, "متاحة") -> 0 | U24: =COUNTIFS('الوحدات'!B:B, B24, 'الوحدات'!M:M, "تحت الإنشاء") -> 3 | V24: =COUNTIFS('الوحدات'!B:B, B24, 'الوحدات'!M:M, "محجوزة") -> 0 | W24: =COUNTIFS('الوحدات'!B:B, B24, 'الوحدات'!M:M, "مباعة") -> 0 | X24: =IFERROR(AVERAGEIFS('الوحدات'!L:L, 'الوحدات'!B:B, B24), "") -> 2632333.3 | Y24: =IFERROR(AVERAGEIFS('الوحدات'!L:L, 'الوحدات'!B:B, B24, 'الوحدات'!M:M, "متاحة"), "") | Z24: =IFERROR(SUMIFS('الوحدات'!L:L, 'الوحدات'!B:B, B24), "") -> 7897000 | AA24: =AE24/Z24 -> 0 | AB24: =IFERROR(SUMIFS('الوحدات'!L:L, 'الوحدات'!B:B, B24, 'الوحدات'!M:M, "تحت الإنشاء"), "") -> 7897000 | AC24: =IFERROR(SUMIFS('الوحدات'!L:L, 'الوحدات'!B:B, B24, 'الوحدات'!M:M, "متاحة"), "") -> 0 | AD24: =IFERROR(SUMIFS('الوحدات'!L:L, 'الوحدات'!B:B, B24, 'الوحدات'!M:M, "محجوزة"), "") -> 0 | AE24: =IFERROR(SUMIFS('الوحدات'!L:L, 'الوحدات'!B:B, B24, 'الوحدات'!M:M, "مباعة"), "") -> 0 | AF24: =IFERROR(MINIFS('الوحدات'!L:L, 'الوحدات'!B:B, B24), "") -> 2499000 | AG24: =IFERROR(MINIFS('الوحدات'!L:L, 'الوحدات'!B:B, B24, 'الوحدات'!M:M, "متاحة"), "") -> 0 | AH24: =IFERROR(MAXIFS('الوحدات'!L:L, 'الوحدات'!B:B, B24), "") -> 2699000 | AI24: =IFERROR(MAXIFS('الوحدات'!L:L, 'الوحدات'!B:B, B24, 'الوحدات'!M:M, "متاحة"), "") -> 0 | AJ24: =AH24&"-"&AF24 -> 2699000-2499000 | AK24: =AI24&"-"&AG24 -> 0-0 | AL24: =IFERROR(MINIFS('الوحدات'!K:K, 'الوحدات'!B:B, B24), "") -> 237 | AM24: =IFERROR(MINIFS('الوحدات'!K:K, 'الوحدات'!B:B, B24, 'الوحدات'!M:M, "متاحة"), "") -> 0 | AN24: =IFERROR(MAXIFS('الوحدات'!K:K, 'الوحدات'!B:B, B24), "") -> 264 | AO24: =IFERROR(MAXIFS('الوحدات'!K:K, 'الوحدات'!B:B, B24, 'الوحدات'!M:M, "متاحة"), "") -> 0 | AP24: =AN24&"-"&AL24 -> 264-237 | AQ24: =AO24&"-"&AM24 -> 0-0 | AR24: =IFERROR(MINIFS('الوحدات'!N:N, 'الوحدات'!B:B, B24), "") -> 3 | AS24: =IFERROR(MINIFS('الوحدات'!N:N, 'الوحدات'!B:B, B24, 'الوحدات'!M:M, "متاحة"), "") -> 0 | AT24: =IFERROR(MAXIFS('الوحدات'!N:N, 'الوحدات'!B:B, B24), "") -> 3 | AU24: =IFERROR(MAXIFS('الوحدات'!N:N, 'الوحدات'!B:B, B24, 'الوحدات'!M:M, "متاحة"), "") -> 0 | AV24: =AT24&"-"&AR24 -> 3-3 | AW24: =AU24&"-"&AS24 -> 0-0 | AX24: =IFERROR(MINIFS('الوحدات'!O:O, 'الوحدات'!B:B, B24), "") -> 4 | AY24: =IFERROR(MINIFS('الوحدات'!O:O, 'الوحدات'!B:B, B24, 'الوحدات'!M:M, "متاحة"), "") -> 0 | AZ24: =IFERROR(MAXIFS('الوحدات'!O:O, 'الوحدات'!B:B, B24), "") -> 5 | BA24: =IFERROR(MAXIFS('الوحدات'!O:O, 'الوحدات'!B:B, B24, 'الوحدات'!M:M, "متاحة"), "") -> 0 | BB24: =AZ24&"-"&AX24 -> 5-4 | BC24: =BA24&"-"&AY24 -> 0-0
A25: 24 | B25: ALN114 | C25: ألين | D25: 114 | E25: ="ألين - "&D25 -> ألين - 114 | F25: =IF(COUNTIFS('الوحدات'!B:B,B25,'الوحدات'!M:M,"متاحة")>0,"متاح", IF(COUNTIFS('الوحدات'!B:B,B25,'الوحدات'!M:M,"<>")=0, "", IF(COUNTIFS('الوحدات'!B:B,B25,'الوحدات'!M:M,"تحت الإنشاء")=COUNTIFS('الوحدات'!B:B,B25,'الوحدات'!M:M,"<>"), "تحت الإنشاء", IF(COUNTIFS('الوحدات'!B:B,B25,'الوحدات'!M:M,"تحت الإنشاء")>0, "تحت الإنشاء جزئيا", "مباعة" )))) -> تحت الإنشاء | G25: =IFERROR(__xludf.DUMMYFUNCTION("IF(SUMPRODUCT(('الوحدات'!B:B=B25)*REGEXMATCH(TRIM('الوحدات'!J:J),""^(تاون هاوس|دور|شقة|فيلا)$""))>0,""سكني"","""")"),"سكني") -> سكني | H25: =IFERROR(__xludf.DUMMYFUNCTION("TEXTJOIN(""-"", TRUE, UNIQUE(FILTER('الوحدات'!J:J, 'الوحدات'!B:B = B25))) "),"دور") -> دور | J25: https://maps.app.goo.gl/g331g3VUhP43BJKq9 | K25: شمال | L25: المملكة العربية السعودية | M25: الرياض | N25: العقيق | O25: https://aleen.cc/Upload/114/details.pdf | S25: =COUNTIF('الوحدات'!B:B, B25) -> 3 | T25: =COUNTIFS('الوحدات'!B:B, B25, 'الوحدات'!M:M, "متاحة") -> 0 | U25: =COUNTIFS('الوحدات'!B:B, B25, 'الوحدات'!M:M, "تحت الإنشاء") -> 3 | V25: =COUNTIFS('الوحدات'!B:B, B25, 'الوحدات'!M:M, "محجوزة") -> 0 | W25: =COUNTIFS('الوحدات'!B:B, B25, 'الوحدات'!M:M, "مباعة") -> 0 | X25: =IFERROR(AVERAGEIFS('الوحدات'!L:L, 'الوحدات'!B:B, B25), "") -> 2269000 | Y25: =IFERROR(AVERAGEIFS('الوحدات'!L:L, 'الوحدات'!B:B, B25, 'الوحدات'!M:M, "متاحة"), "") | Z25: =IFERROR(SUMIFS('الوحدات'!L:L, 'الوحدات'!B:B, B25), "") -> 6807000 | AA25: =AE25/Z25 -> 0 | AB25: =IFERROR(SUMIFS('الوحدات'!L:L, 'الوحدات'!B:B, B25, 'الوحدات'!M:M, "تحت الإنشاء"), "") -> 6807000 | AC25: =IFERROR(SUMIFS('الوحدات'!L:L, 'الوحدات'!B:B, B25, 'الوحدات'!M:M, "متاحة"), "") -> 0 | AD25: =IFERROR(SUMIFS('الوحدات'!L:L, 'الوحدات'!B:B, B25, 'الوحدات'!M:M, "محجوزة"), "") -> 0 | AE25: =IFERROR(SUMIFS('الوحدات'!L:L, 'الوحدات'!B:B, B25, 'الوحدات'!M:M, "مباعة"), "") -> 0 | AF25: =IFERROR(MINIFS('الوحدات'!L:L, 'الوحدات'!B:B, B25), "") -> 2259000 | AG25: =IFERROR(MINIFS('الوحدات'!L:L, 'الوحدات'!B:B, B25, 'الوحدات'!M:M, "متاحة"), "") -> 0 | AH25: =IFERROR(MAXIFS('الوحدات'!L:L, 'الوحدات'!B:B, B25), "") -> 2289000 | AI25: =IFERROR(MAXIFS('الوحدات'!L:L, 'الوحدات'!B:B, B25, 'الوحدات'!M:M, "متاحة"), "") -> 0 | AJ25: =AH25&"-"&AF25 -> 2289000-2259000 | AK25: =AI25&"-"&AG25 -> 0-0 | AL25: =IFERROR(MINIFS('الوحدات'!K:K, 'الوحدات'!B:B, B25), "") -> 177 | AM25: =IFERROR(MINIFS('الوحدات'!K:K, 'الوحدات'!B:B, B25, 'الوحدات'!M:M, "متاحة"), "") -> 0 | AN25: =IFERROR(MAXIFS('الوحدات'!K:K, 'الوحدات'!B:B, B25), "") -> 191 | AO25: =IFERROR(MAXIFS('الوحدات'!K:K, 'الوحدات'!B:B, B25, 'الوحدات'!M:M, "متاحة"), "") -> 0 | AP25: =AN25&"-"&AL25 -> 191-177 | AQ25: =AO25&"-"&AM25 -> 0-0 | AR25: =IFERROR(MINIFS('الوحدات'!N:N, 'الوحدات'!B:B, B25), "") -> 3 | AS25: =IFERROR(MINIFS('الوحدات'!N:N, 'الوحدات'!B:B, B25, 'الوحدات'!M:M, "متاحة"), "") -> 0 | AT25: =IFERROR(MAXIFS('الوحدات'!N:N, 'الوحدات'!B:B, B25), "") -> 3 | AU25: =IFERROR(MAXIFS('الوحدات'!N:N, 'الوحدات'!B:B, B25, 'الوحدات'!M:M, "متاحة"), "") -> 0 | AV25: =AT25&"-"&AR25 -> 3-3 | AW25: =AU25&"-"&AS25 -> 0-0 | AX25: =IFERROR(MINIFS('الوحدات'!O:O, 'الوحدات'!B:B, B25), "") -> 3 | AY25: =IFERROR(MINIFS('الوحدات'!O:O, 'الوحدات'!B:B, B25, 'الوحدات'!M:M, "متاحة"), "") -> 0 | AZ25: =IFERROR(MAXIFS('الوحدات'!O:O, 'الوحدات'!B:B, B25), "") -> 3 | BA25: =IFERROR(MAXIFS('الوحدات'!O:O, 'الوحدات'!B:B, B25, 'الوحدات'!M:M, "متاحة"), "") -> 0 | BB25: =AZ25&"-"&AX25 -> 3-3 | BC25: =BA25&"-"&AY25 -> 0-0
A26: 25 | B26: ALN116 | C26: ألين | D26: 116 | E26: ="ألين - "&D26 -> ألين - 116 | F26: =IF(COUNTIFS('الوحدات'!B:B,B26,'الوحدات'!M:M,"متاحة")>0,"متاح", IF(COUNTIFS('الوحدات'!B:B,B26,'الوحدات'!M:M,"<>")=0, "", IF(COUNTIFS('الوحدات'!B:B,B26,'الوحدات'!M:M,"تحت الإنشاء")=COUNTIFS('الوحدات'!B:B,B26,'الوحدات'!M:M,"<>"), "تحت الإنشاء", IF(COUNTIFS('الوحدات'!B:B,B26,'الوحدات'!M:M,"تحت الإنشاء")>0, "تحت الإنشاء جزئيا", "مباعة" )))) -> تحت الإنشاء | G26: =IFERROR(__xludf.DUMMYFUNCTION("IF(SUMPRODUCT(('الوحدات'!B:B=B26)*REGEXMATCH(TRIM('الوحدات'!J:J),""^(تاون هاوس|دور|شقة|فيلا)$""))>0,""سكني"","""")"),"سكني") -> سكني | H26: =IFERROR(__xludf.DUMMYFUNCTION("TEXTJOIN(""-"", TRUE, UNIQUE(FILTER('الوحدات'!J:J, 'الوحدات'!B:B = B26))) "),"دور") -> دور | J26: https://maps.app.goo.gl/aPzeBprVj13cSdA58 | K26: شرق | L26: المملكة العربية السعودية | M26: الرياض | N26: المنار | O26: https://aleen.cc/Upload/116/details.pdf | S26: =COUNTIF('الوحدات'!B:B, B26) -> 4 | T26: =COUNTIFS('الوحدات'!B:B, B26, 'الوحدات'!M:M, "متاحة") -> 0 | U26: =COUNTIFS('الوحدات'!B:B, B26, 'الوحدات'!M:M, "تحت الإنشاء") -> 4 | V26: =COUNTIFS('الوحدات'!B:B, B26, 'الوحدات'!M:M, "محجوزة") -> 0 | W26: =COUNTIFS('الوحدات'!B:B, B26, 'الوحدات'!M:M, "مباعة") -> 0 | X26: =IFERROR(AVERAGEIFS('الوحدات'!L:L, 'الوحدات'!B:B, B26), "") -> 1424000 | Y26: =IFERROR(AVERAGEIFS('الوحدات'!L:L, 'الوحدات'!B:B, B26, 'الوحدات'!M:M, "متاحة"), "") | Z26: =IFERROR(SUMIFS('الوحدات'!L:L, 'الوحدات'!B:B, B26), "") -> 5696000 | AA26: =AE26/Z26 -> 0 | AB26: =IFERROR(SUMIFS('الوحدات'!L:L, 'الوحدات'!B:B, B26, 'الوحدات'!M:M, "تحت الإنشاء"), "") -> 5696000 | AC26: =IFERROR(SUMIFS('الوحدات'!L:L, 'الوحدات'!B:B, B26, 'الوحدات'!M:M, "متاحة"), "") -> 0 | AD26: =IFERROR(SUMIFS('الوحدات'!L:L, 'الوحدات'!B:B, B26, 'الوحدات'!M:M, "محجوزة"), "") -> 0 | AE26: =IFERROR(SUMIFS('الوحدات'!L:L, 'الوحدات'!B:B, B26, 'الوحدات'!M:M, "مباعة"), "") -> 0 | AF26: =IFERROR(MINIFS('الوحدات'!L:L, 'الوحدات'!B:B, B26), "") -> 1349000 | AG26: =IFERROR(MINIFS('الوحدات'!L:L, 'الوحدات'!B:B, B26, 'الوحدات'!M:M, "متاحة"), "") -> 0 | AH26: =IFERROR(MAXIFS('الوحدات'!L:L, 'الوحدات'!B:B, B26), "") -> 1499000 | AI26: =IFERROR(MAXIFS('الوحدات'!L:L, 'الوحدات'!B:B, B26, 'الوحدات'!M:M, "متاحة"), "") -> 0 | AJ26: =AH26&"-"&AF26 -> 1499000-1349000 | AK26: =AI26&"-"&AG26 -> 0-0 | AL26: =IFERROR(MINIFS('الوحدات'!K:K, 'الوحدات'!B:B, B26), "") -> 170 | AM26: =IFERROR(MINIFS('الوحدات'!K:K, 'الوحدات'!B:B, B26, 'الوحدات'!M:M, "متاحة"), "") -> 0 | AN26: =IFERROR(MAXIFS('الوحدات'!K:K, 'الوحدات'!B:B, B26), "") -> 177 | AO26: =IFERROR(MAXIFS('الوحدات'!K:K, 'الوحدات'!B:B, B26, 'الوحدات'!M:M, "متاحة"), "") -> 0 | AP26: =AN26&"-"&AL26 -> 177-170 | AQ26: =AO26&"-"&AM26 -> 0-0 | AR26: =IFERROR(MINIFS('الوحدات'!N:N, 'الوحدات'!B:B, B26), "") -> 3 | AS26: =IFERROR(MINIFS('الوحدات'!N:N, 'الوحدات'!B:B, B26, 'الوحدات'!M:M, "متاحة"), "") -> 0 | AT26: =IFERROR(MAXIFS('الوحدات'!N:N, 'الوحدات'!B:B, B26), "") -> 3 | AU26: =IFERROR(MAXIFS('الوحدات'!N:N, 'الوحدات'!B:B, B26, 'الوحدات'!M:M, "متاحة"), "") -> 0 | AV26: =AT26&"-"&AR26 -> 3-3 | AW26: =AU26&"-"&AS26 -> 0-0 | AX26: =IFERROR(MINIFS('الوحدات'!O:O, 'الوحدات'!B:B, B26), "") -> 3 | AY26: =IFERROR(MINIFS('الوحدات'!O:O, 'الوحدات'!B:B, B26, 'الوحدات'!M:M, "متاحة"), "") -> 0 | AZ26: =IFERROR(MAXIFS('الوحدات'!O:O, 'الوحدات'!B:B, B26), "") -> 3 | BA26: =IFERROR(MAXIFS('الوحدات'!O:O, 'الوحدات'!B:B, B26, 'الوحدات'!M:M, "متاحة"), "") -> 0 | BB26: =AZ26&"-"&AX26 -> 3-3 | BC26: =BA26&"-"&AY26 -> 0-0
A27: 26 | B27: ALN118 | C27: ألين | D27: 118 | E27: ="ألين - "&D27 -> ألين - 118 | F27: =IF(COUNTIFS('الوحدات'!B:B,B27,'الوحدات'!M:M,"متاحة")>0,"متاح", IF(COUNTIFS('الوحدات'!B:B,B27,'الوحدات'!M:M,"<>")=0, "", IF(COUNTIFS('الوحدات'!B:B,B27,'الوحدات'!M:M,"تحت الإنشاء")=COUNTIFS('الوحدات'!B:B,B27,'الوحدات'!M:M,"<>"), "تحت الإنشاء", IF(COUNTIFS('الوحدات'!B:B,B27,'الوحدات'!M:M,"تحت الإنشاء")>0, "تحت الإنشاء جزئيا", "مباعة" )))) -> تحت الإنشاء | G27: =IFERROR(__xludf.DUMMYFUNCTION("IF(SUMPRODUCT(('الوحدات'!B:B=B27)*REGEXMATCH(TRIM('الوحدات'!J:J),""^(تاون هاوس|دور|شقة|فيلا)$""))>0,""سكني"","""")"),"سكني") -> سكني | H27: =IFERROR(__xludf.DUMMYFUNCTION("TEXTJOIN(""-"", TRUE, UNIQUE(FILTER('الوحدات'!J:J, 'الوحدات'!B:B = B27))) "),"دور") -> دور | J27: https://maps.app.goo.gl/aPzeBprVj13cSdA58 | K27: شمال | L27: المملكة العربية السعودية | M27: الرياض | N27: المحمدية | O27: https://aleen.cc/Upload/118/details.pdf | S27: =COUNTIF('الوحدات'!B:B, B27) -> 15 | T27: =COUNTIFS('الوحدات'!B:B, B27, 'الوحدات'!M:M, "متاحة") -> 0 | U27: =COUNTIFS('الوحدات'!B:B, B27, 'الوحدات'!M:M, "تحت الإنشاء") -> 15 | V27: =COUNTIFS('الوحدات'!B:B, B27, 'الوحدات'!M:M, "محجوزة") -> 0 | W27: =COUNTIFS('الوحدات'!B:B, B27, 'الوحدات'!M:M, "مباعة") -> 0 | X27: =IFERROR(AVERAGEIFS('الوحدات'!L:L, 'الوحدات'!B:B, B27), "") -> 2255666.7 | Y27: =IFERROR(AVERAGEIFS('الوحدات'!L:L, 'الوحدات'!B:B, B27, 'الوحدات'!M:M, "متاحة"), "") | Z27: =IFERROR(SUMIFS('الوحدات'!L:L, 'الوحدات'!B:B, B27), "") -> 33835000 | AA27: =AE27/Z27 -> 0 | AB27: =IFERROR(SUMIFS('الوحدات'!L:L, 'الوحدات'!B:B, B27, 'الوحدات'!M:M, "تحت الإنشاء"), "") -> 33835000 | AC27: =IFERROR(SUMIFS('الوحدات'!L:L, 'الوحدات'!B:B, B27, 'الوحدات'!M:M, "متاحة"), "") -> 0 | AD27: =IFERROR(SUMIFS('الوحدات'!L:L, 'الوحدات'!B:B, B27, 'الوحدات'!M:M, "محجوزة"), "") -> 0 | AE27: =IFERROR(SUMIFS('الوحدات'!L:L, 'الوحدات'!B:B, B27, 'الوحدات'!M:M, "مباعة"), "") -> 0 | AF27: =IFERROR(MINIFS('الوحدات'!L:L, 'الوحدات'!B:B, B27), "") -> 1799000 | AG27: =IFERROR(MINIFS('الوحدات'!L:L, 'الوحدات'!B:B, B27, 'الوحدات'!M:M, "متاحة"), "") -> 0 | AH27: =IFERROR(MAXIFS('الوحدات'!L:L, 'الوحدات'!B:B, B27), "") -> 2699000 | AI27: =IFERROR(MAXIFS('الوحدات'!L:L, 'الوحدات'!B:B, B27, 'الوحدات'!M:M, "متاحة"), "") -> 0 | AJ27: =AH27&"-"&AF27 -> 2699000-1799000 | AK27: =AI27&"-"&AG27 -> 0-0 | AL27: =IFERROR(MINIFS('الوحدات'!K:K, 'الوحدات'!B:B, B27), "") -> 104 | AM27: =IFERROR(MINIFS('الوحدات'!K:K, 'الوحدات'!B:B, B27, 'الوحدات'!M:M, "متاحة"), "") -> 0 | AN27: =IFERROR(MAXIFS('الوحدات'!K:K, 'الوحدات'!B:B, B27), "") -> 177 | AO27: =IFERROR(MAXIFS('الوحدات'!K:K, 'الوحدات'!B:B, B27, 'الوحدات'!M:M, "متاحة"), "") -> 0 | AP27: =AN27&"-"&AL27 -> 177-104 | AQ27: =AO27&"-"&AM27 -> 0-0 | AR27: =IFERROR(MINIFS('الوحدات'!N:N, 'الوحدات'!B:B, B27), "") -> 0 | AS27: =IFERROR(MINIFS('الوحدات'!N:N, 'الوحدات'!B:B, B27, 'الوحدات'!M:M, "متاحة"), "") -> 0 | AT27: =IFERROR(MAXIFS('الوحدات'!N:N, 'الوحدات'!B:B, B27), "") -> 0 | AU27: =IFERROR(MAXIFS('الوحدات'!N:N, 'الوحدات'!B:B, B27, 'الوحدات'!M:M, "متاحة"), "") -> 0 | AV27: =AT27&"-"&AR27 -> 0-0 | AW27: =AU27&"-"&AS27 -> 0-0 | AX27: =IFERROR(MINIFS('الوحدات'!O:O, 'الوحدات'!B:B, B27), "") -> 0 | AY27: =IFERROR(MINIFS('الوحدات'!O:O, 'الوحدات'!B:B, B27, 'الوحدات'!M:M, "متاحة"), "") -> 0 | AZ27: =IFERROR(MAXIFS('الوحدات'!O:O, 'الوحدات'!B:B, B27), "") -> 0 | BA27: =IFERROR(MAXIFS('الوحدات'!O:O, 'الوحدات'!B:B, B27, 'الوحدات'!M:M, "متاحة"), "") -> 0 | BB27: =AZ27&"-"&AX27 -> 0-0 | BC27: =BA27&"-"&AY27 -> 0-0
A28: 27 | B28: ALN124 | C28: ألين | D28: 124 | E28: ="ألين - "&D28 -> ألين - 124 | F28: =IF(COUNTIFS('الوحدات'!B:B,B28,'الوحدات'!M:M,"متاحة")>0,"متاح", IF(COUNTIFS('الوحدات'!B:B,B28,'الوحدات'!M:M,"<>")=0, "", IF(COUNTIFS('الوحدات'!B:B,B28,'الوحدات'!M:M,"تحت الإنشاء")=COUNTIFS('الوحدات'!B:B,B28,'الوحدات'!M:M,"<>"), "تحت الإنشاء", IF(COUNTIFS('الوحدات'!B:B,B28,'الوحدات'!M:M,"تحت الإنشاء")>0, "تحت الإنشاء جزئيا", "مباعة" )))) -> تحت الإنشاء | G28: =IFERROR(__xludf.DUMMYFUNCTION("IF(SUMPRODUCT(('الوحدات'!B:B=B28)*REGEXMATCH(TRIM('الوحدات'!J:J),""^(تاون هاوس|دور|شقة|فيلا)$""))>0,""سكني"","""")"),"سكني") -> سكني | H28: =IFERROR(__xludf.DUMMYFUNCTION("TEXTJOIN(""-"", TRUE, UNIQUE(FILTER('الوحدات'!J:J, 'الوحدات'!B:B = B28))) "),"دور") -> دور | J28: https://maps.app.goo.gl/PdT3Tj4Dvk8kKpTv5 | K28: شمال | L28: المملكة العربية السعودية | M28: الرياض | N28: المرسلات | O28: https://aleen.cc/Upload/124/details.pdf | S28: =COUNTIF('الوحدات'!B:B, B28) -> 4 | T28: =COUNTIFS('الوحدات'!B:B, B28, 'الوحدات'!M:M, "متاحة") -> 0 | U28: =COUNTIFS('الوحدات'!B:B, B28, 'الوحدات'!M:M, "تحت الإنشاء") -> 4 | V28: =COUNTIFS('الوحدات'!B:B, B28, 'الوحدات'!M:M, "محجوزة") -> 0 | W28: =COUNTIFS('الوحدات'!B:B, B28, 'الوحدات'!M:M, "مباعة") -> 0 | X28: =IFERROR(AVERAGEIFS('الوحدات'!L:L, 'الوحدات'!B:B, B28), "") -> 1936500 | Y28: =IFERROR(AVERAGEIFS('الوحدات'!L:L, 'الوحدات'!B:B, B28, 'الوحدات'!M:M, "متاحة"), "") | Z28: =IFERROR(SUMIFS('الوحدات'!L:L, 'الوحدات'!B:B, B28), "") -> 7746000 | AA28: =AE28/Z28 -> 0 | AB28: =IFERROR(SUMIFS('الوحدات'!L:L, 'الوحدات'!B:B, B28, 'الوحدات'!M:M, "تحت الإنشاء"), "") -> 7746000 | AC28: =IFERROR(SUMIFS('الوحدات'!L:L, 'الوحدات'!B:B, B28, 'الوحدات'!M:M, "متاحة"), "") -> 0 | AD28: =IFERROR(SUMIFS('الوحدات'!L:L, 'الوحدات'!B:B, B28, 'الوحدات'!M:M, "محجوزة"), "") -> 0 | AE28: =IFERROR(SUMIFS('الوحدات'!L:L, 'الوحدات'!B:B, B28, 'الوحدات'!M:M, "مباعة"), "") -> 0 | AF28: =IFERROR(MINIFS('الوحدات'!L:L, 'الوحدات'!B:B, B28), "") -> 1749000 | AG28: =IFERROR(MINIFS('الوحدات'!L:L, 'الوحدات'!B:B, B28, 'الوحدات'!M:M, "متاحة"), "") -> 0 | AH28: =IFERROR(MAXIFS('الوحدات'!L:L, 'الوحدات'!B:B, B28), "") -> 1999000 | AI28: =IFERROR(MAXIFS('الوحدات'!L:L, 'الوحدات'!B:B, B28, 'الوحدات'!M:M, "متاحة"), "") -> 0 | AJ28: =AH28&"-"&AF28 -> 1999000-1749000 | AK28: =AI28&"-"&AG28 -> 0-0 | AL28: =IFERROR(MINIFS('الوحدات'!K:K, 'الوحدات'!B:B, B28), "") -> 149 | AM28: =IFERROR(MINIFS('الوحدات'!K:K, 'الوحدات'!B:B, B28, 'الوحدات'!M:M, "متاحة"), "") -> 0 | AN28: =IFERROR(MAXIFS('الوحدات'!K:K, 'الوحدات'!B:B, B28), "") -> 162 | AO28: =IFERROR(MAXIFS('الوحدات'!K:K, 'الوحدات'!B:B, B28, 'الوحدات'!M:M, "متاحة"), "") -> 0 | AP28: =AN28&"-"&AL28 -> 162-149 | AQ28: =AO28&"-"&AM28 -> 0-0 | AR28: =IFERROR(MINIFS('الوحدات'!N:N, 'الوحدات'!B:B, B28), "") -> 0 | AS28: =IFERROR(MINIFS('الوحدات'!N:N, 'الوحدات'!B:B, B28, 'الوحدات'!M:M, "متاحة"), "") -> 0 | AT28: =IFERROR(MAXIFS('الوحدات'!N:N, 'الوحدات'!B:B, B28), "") -> 0 | AU28: =IFERROR(MAXIFS('الوحدات'!N:N, 'الوحدات'!B:B, B28, 'الوحدات'!M:M, "متاحة"), "") -> 0 | AV28: =AT28&"-"&AR28 -> 0-0 | AW28: =AU28&"-"&AS28 -> 0-0 | AX28: =IFERROR(MINIFS('الوحدات'!O:O, 'الوحدات'!B:B, B28), "") -> 0 | AY28: =IFERROR(MINIFS('الوحدات'!O:O, 'الوحدات'!B:B, B28, 'الوحدات'!M:M, "متاحة"), "") -> 0 | AZ28: =IFERROR(MAXIFS('الوحدات'!O:O, 'الوحدات'!B:B, B28), "") -> 0 | BA28: =IFERROR(MAXIFS('الوحدات'!O:O, 'الوحدات'!B:B, B28, 'الوحدات'!M:M, "متاحة"), "") -> 0 | BB28: =AZ28&"-"&AX28 -> 0-0 | BC28: =BA28&"-"&AY28 -> 0-0
A29: 28 | B29: ALN128 | C29: ألين | D29: 128 | E29: ="ألين - "&D29 -> ألين - 128 | F29: =IF(COUNTIFS('الوحدات'!B:B,B29,'الوحدات'!M:M,"متاحة")>0,"متاح", IF(COUNTIFS('الوحدات'!B:B,B29,'الوحدات'!M:M,"<>")=0, "", IF(COUNTIFS('الوحدات'!B:B,B29,'الوحدات'!M:M,"تحت الإنشاء")=COUNTIFS('الوحدات'!B:B,B29,'الوحدات'!M:M,"<>"), "تحت الإنشاء", IF(COUNTIFS('الوحدات'!B:B,B29,'الوحدات'!M:M,"تحت الإنشاء")>0, "تحت الإنشاء جزئيا", "مباعة" )))) -> تحت الإنشاء | G29: =IFERROR(__xludf.DUMMYFUNCTION("IF(SUMPRODUCT(('الوحدات'!B:B=B29)*REGEXMATCH(TRIM('الوحدات'!J:J),""^(تاون هاوس|دور|شقة|فيلا)$""))>0,""سكني"","""")"),"سكني") -> سكني | H29: =IFERROR(__xludf.DUMMYFUNCTION("TEXTJOIN(""-"", TRUE, UNIQUE(FILTER('الوحدات'!J:J, 'الوحدات'!B:B = B29))) "),"دور") -> دور | J29: https://maps.app.goo.gl/GZQdygQz2buAmz2a6 | K29: شرق | L29: المملكة العربية السعودية | M29: الرياض | N29: الروابي | O29: https://aleen.cc/Upload/128/details.pdf | S29: =COUNTIF('الوحدات'!B:B, B29) -> 6 | T29: =COUNTIFS('الوحدات'!B:B, B29, 'الوحدات'!M:M, "متاحة") -> 0 | U29: =COUNTIFS('الوحدات'!B:B, B29, 'الوحدات'!M:M, "تحت الإنشاء") -> 6 | V29: =COUNTIFS('الوحدات'!B:B, B29, 'الوحدات'!M:M, "محجوزة") -> 0 | W29: =COUNTIFS('الوحدات'!B:B, B29, 'الوحدات'!M:M, "مباعة") -> 0 | X29: =IFERROR(AVERAGEIFS('الوحدات'!L:L, 'الوحدات'!B:B, B29), "") -> 1399000 | Y29: =IFERROR(AVERAGEIFS('الوحدات'!L:L, 'الوحدات'!B:B, B29, 'الوحدات'!M:M, "متاحة"), "") | Z29: =IFERROR(SUMIFS('الوحدات'!L:L, 'الوحدات'!B:B, B29), "") -> 8394000 | AA29: =AE29/Z29 -> 0 | AB29: =IFERROR(SUMIFS('الوحدات'!L:L, 'الوحدات'!B:B, B29, 'الوحدات'!M:M, "تحت الإنشاء"), "") -> 8394000 | AC29: =IFERROR(SUMIFS('الوحدات'!L:L, 'الوحدات'!B:B, B29, 'الوحدات'!M:M, "متاحة"), "") -> 0 | AD29: =IFERROR(SUMIFS('الوحدات'!L:L, 'الوحدات'!B:B, B29, 'الوحدات'!M:M, "محجوزة"), "") -> 0 | AE29: =IFERROR(SUMIFS('الوحدات'!L:L, 'الوحدات'!B:B, B29, 'الوحدات'!M:M, "مباعة"), "") -> 0 | AF29: =IFERROR(MINIFS('الوحدات'!L:L, 'الوحدات'!B:B, B29), "") -> 999000 | AG29: =IFERROR(MINIFS('الوحدات'!L:L, 'الوحدات'!B:B, B29, 'الوحدات'!M:M, "متاحة"), "") -> 0 | AH29: =IFERROR(MAXIFS('الوحدات'!L:L, 'الوحدات'!B:B, B29), "") -> 1699000 | AI29: =IFERROR(MAXIFS('الوحدات'!L:L, 'الوحدات'!B:B, B29, 'الوحدات'!M:M, "متاحة"), "") -> 0 | AJ29: =AH29&"-"&AF29 -> 1699000-999000 | AK29: =AI29&"-"&AG29 -> 0-0 | AL29: =IFERROR(MINIFS('الوحدات'!K:K, 'الوحدات'!B:B, B29), "") -> 77 | AM29: =IFERROR(MINIFS('الوحدات'!K:K, 'الوحدات'!B:B, B29, 'الوحدات'!M:M, "متاحة"), "") -> 0 | AN29: =IFERROR(MAXIFS('الوحدات'!K:K, 'الوحدات'!B:B, B29), "") -> 166 | AO29: =IFERROR(MAXIFS('الوحدات'!K:K, 'الوحدات'!B:B, B29, 'الوحدات'!M:M, "متاحة"), "") -> 0 | AP29: =AN29&"-"&AL29 -> 166-77 | AQ29: =AO29&"-"&AM29 -> 0-0 | AR29: =IFERROR(MINIFS('الوحدات'!N:N, 'الوحدات'!B:B, B29), "") -> 3 | AS29: =IFERROR(MINIFS('الوحدات'!N:N, 'الوحدات'!B:B, B29, 'الوحدات'!M:M, "متاحة"), "") -> 0 | AT29: =IFERROR(MAXIFS('الوحدات'!N:N, 'الوحدات'!B:B, B29), "") -> 3 | AU29: =IFERROR(MAXIFS('الوحدات'!N:N, 'الوحدات'!B:B, B29, 'الوحدات'!M:M, "متاحة"), "") -> 0 | AV29: =AT29&"-"&AR29 -> 3-3 | AW29: =AU29&"-"&AS29 -> 0-0 | AX29: =IFERROR(MINIFS('الوحدات'!O:O, 'الوحدات'!B:B, B29), "") -> 3 | AY29: =IFERROR(MINIFS('الوحدات'!O:O, 'الوحدات'!B:B, B29, 'الوحدات'!M:M, "متاحة"), "") -> 0 | AZ29: =IFERROR(MAXIFS('الوحدات'!O:O, 'الوحدات'!B:B, B29), "") -> 3 | BA29: =IFERROR(MAXIFS('الوحدات'!O:O, 'الوحدات'!B:B, B29, 'الوحدات'!M:M, "متاحة"), "") -> 0 | BB29: =AZ29&"-"&AX29 -> 3-3 | BC29: =BA29&"-"&AY29 -> 0-0
A30: 29 | B30: ALN132 | C30: ألين | D30: 132 | E30: ="ألين - "&D30 -> ألين - 132 | F30: =IF(COUNTIFS('الوحدات'!B:B,B30,'الوحدات'!M:M,"متاحة")>0,"متاح", IF(COUNTIFS('الوحدات'!B:B,B30,'الوحدات'!M:M,"<>")=0, "", IF(COUNTIFS('الوحدات'!B:B,B30,'الوحدات'!M:M,"تحت الإنشاء")=COUNTIFS('الوحدات'!B:B,B30,'الوحدات'!M:M,"<>"), "تحت الإنشاء", IF(COUNTIFS('الوحدات'!B:B,B30,'الوحدات'!M:M,"تحت الإنشاء")>0, "تحت الإنشاء جزئيا", "مباعة" )))) -> تحت الإنشاء | G30: =IFERROR(__xludf.DUMMYFUNCTION("IF(SUMPRODUCT(('الوحدات'!B:B=B30)*REGEXMATCH(TRIM('الوحدات'!J:J),""^(تاون هاوس|دور|شقة|فيلا)$""))>0,""سكني"","""")"),"سكني") -> سكني | H30: =IFERROR(__xludf.DUMMYFUNCTION("TEXTJOIN(""-"", TRUE, UNIQUE(FILTER('الوحدات'!J:J, 'الوحدات'!B:B = B30))) "),"دور") -> دور | J30: https://maps.app.goo.gl/KN2rYWyKvWxME9sV8 | K30: شمال | L30: المملكة العربية السعودية | M30: الرياض | N30: حطين | O30: https://aleen.cc/Upload/132/details.pdf | S30: =COUNTIF('الوحدات'!B:B, B30) -> 15 | T30: =COUNTIFS('الوحدات'!B:B, B30, 'الوحدات'!M:M, "متاحة") -> 0 | U30: =COUNTIFS('الوحدات'!B:B, B30, 'الوحدات'!M:M, "تحت الإنشاء") -> 15 | V30: =COUNTIFS('الوحدات'!B:B, B30, 'الوحدات'!M:M, "محجوزة") -> 0 | W30: =COUNTIFS('الوحدات'!B:B, B30, 'الوحدات'!M:M, "مباعة") -> 0 | X30: =IFERROR(AVERAGEIFS('الوحدات'!L:L, 'الوحدات'!B:B, B30), "") -> 2465666.7 | Y30: =IFERROR(AVERAGEIFS('الوحدات'!L:L, 'الوحدات'!B:B, B30, 'الوحدات'!M:M, "متاحة"), "") | Z30: =IFERROR(SUMIFS('الوحدات'!L:L, 'الوحدات'!B:B, B30), "") -> 36985000 | AA30: =AE30/Z30 -> 0 | AB30: =IFERROR(SUMIFS('الوحدات'!L:L, 'الوحدات'!B:B, B30, 'الوحدات'!M:M, "تحت الإنشاء"), "") -> 36985000 | AC30: =IFERROR(SUMIFS('الوحدات'!L:L, 'الوحدات'!B:B, B30, 'الوحدات'!M:M, "متاحة"), "") -> 0 | AD30: =IFERROR(SUMIFS('الوحدات'!L:L, 'الوحدات'!B:B, B30, 'الوحدات'!M:M, "محجوزة"), "") -> 0 | AE30: =IFERROR(SUMIFS('الوحدات'!L:L, 'الوحدات'!B:B, B30, 'الوحدات'!M:M, "مباعة"), "") -> 0 | AF30: =IFERROR(MINIFS('الوحدات'!L:L, 'الوحدات'!B:B, B30), "") -> 1999000 | AG30: =IFERROR(MINIFS('الوحدات'!L:L, 'الوحدات'!B:B, B30, 'الوحدات'!M:M, "متاحة"), "") -> 0 | AH30: =IFERROR(MAXIFS('الوحدات'!L:L, 'الوحدات'!B:B, B30), "") -> 2899000 | AI30: =IFERROR(MAXIFS('الوحدات'!L:L, 'الوحدات'!B:B, B30, 'الوحدات'!M:M, "متاحة"), "") -> 0 | AJ30: =AH30&"-"&AF30 -> 2899000-1999000 | AK30: =AI30&"-"&AG30 -> 0-0 | AL30: =IFERROR(MINIFS('الوحدات'!K:K, 'الوحدات'!B:B, B30), "") -> 73 | AM30: =IFERROR(MINIFS('الوحدات'!K:K, 'الوحدات'!B:B, B30, 'الوحدات'!M:M, "متاحة"), "") -> 0 | AN30: =IFERROR(MAXIFS('الوحدات'!K:K, 'الوحدات'!B:B, B30), "") -> 165 | AO30: =IFERROR(MAXIFS('الوحدات'!K:K, 'الوحدات'!B:B, B30, 'الوحدات'!M:M, "متاحة"), "") -> 0 | AP30: =AN30&"-"&AL30 -> 165-73 | AQ30: =AO30&"-"&AM30 -> 0-0 | AR30: =IFERROR(MINIFS('الوحدات'!N:N, 'الوحدات'!B:B, B30), "") -> 0 | AS30: =IFERROR(MINIFS('الوحدات'!N:N, 'الوحدات'!B:B, B30, 'الوحدات'!M:M, "متاحة"), "") -> 0 | AT30: =IFERROR(MAXIFS('الوحدات'!N:N, 'الوحدات'!B:B, B30), "") -> 0 | AU30: =IFERROR(MAXIFS('الوحدات'!N:N, 'الوحدات'!B:B, B30, 'الوحدات'!M:M, "متاحة"), "") -> 0 | AV30: =AT30&"-"&AR30 -> 0-0 | AW30: =AU30&"-"&AS30 -> 0-0 | AX30: =IFERROR(MINIFS('الوحدات'!O:O, 'الوحدات'!B:B, B30), "") -> 0 | AY30: =IFERROR(MINIFS('الوحدات'!O:O, 'الوحدات'!B:B, B30, 'الوحدات'!M:M, "متاحة"), "") -> 0 | AZ30: =IFERROR(MAXIFS('الوحدات'!O:O, 'الوحدات'!B:B, B30), "") -> 0 | BA30: =IFERROR(MAXIFS('الوحدات'!O:O, 'الوحدات'!B:B, B30, 'الوحدات'!M:M, "متاحة"), "") -> 0 | BB30: =AZ30&"-"&AX30 -> 0-0 | BC30: =BA30&"-"&AY30 -> 0-0
A31: 30 | B31: ALN136 | C31: ألين | D31: 136 | E31: ="ألين - "&D31 -> ألين - 136 | F31: =IF(COUNTIFS('الوحدات'!B:B,B31,'الوحدات'!M:M,"متاحة")>0,"متاح", IF(COUNTIFS('الوحدات'!B:B,B31,'الوحدات'!M:M,"<>")=0, "", IF(COUNTIFS('الوحدات'!B:B,B31,'الوحدات'!M:M,"تحت الإنشاء")=COUNTIFS('الوحدات'!B:B,B31,'الوحدات'!M:M,"<>"), "تحت الإنشاء", IF(COUNTIFS('الوحدات'!B:B,B31,'الوحدات'!M:M,"تحت الإنشاء")>0, "تحت الإنشاء جزئيا", "مباعة" )))) -> تحت الإنشاء | G31: =IFERROR(__xludf.DUMMYFUNCTION("IF(SUMPRODUCT(('الوحدات'!B:B=B31)*REGEXMATCH(TRIM('الوحدات'!J:J),""^(تاون هاوس|دور|شقة|فيلا)$""))>0,""سكني"","""")"),"سكني") -> سكني | H31: =IFERROR(__xludf.DUMMYFUNCTION("TEXTJOIN(""-"", TRUE, UNIQUE(FILTER('الوحدات'!J:J, 'الوحدات'!B:B = B31))) "),"دور") -> دور | J31: https://maps.app.goo.gl/b9UZzChGqqS28ubV8 | K31: شرق | L31: المملكة العربية السعودية | M31: الرياض | N31: الربوة | O31: https://aleen.cc/Upload/136/details.pdf | S31: =COUNTIF('الوحدات'!B:B, B31) -> 12 | T31: =COUNTIFS('الوحدات'!B:B, B31, 'الوحدات'!M:M, "متاحة") -> 0 | U31: =COUNTIFS('الوحدات'!B:B, B31, 'الوحدات'!M:M, "تحت الإنشاء") -> 12 | V31: =COUNTIFS('الوحدات'!B:B, B31, 'الوحدات'!M:M, "محجوزة") -> 0 | W31: =COUNTIFS('الوحدات'!B:B, B31, 'الوحدات'!M:M, "مباعة") -> 0 | X31: =IFERROR(AVERAGEIFS('الوحدات'!L:L, 'الوحدات'!B:B, B31), "") -> 1399000 | Y31: =IFERROR(AVERAGEIFS('الوحدات'!L:L, 'الوحدات'!B:B, B31, 'الوحدات'!M:M, "متاحة"), "") | Z31: =IFERROR(SUMIFS('الوحدات'!L:L, 'الوحدات'!B:B, B31), "") -> 16788000 | AA31: =AE31/Z31 -> 0 | AB31: =IFERROR(SUMIFS('الوحدات'!L:L, 'الوحدات'!B:B, B31, 'الوحدات'!M:M, "تحت الإنشاء"), "") -> 16788000 | AC31: =IFERROR(SUMIFS('الوحدات'!L:L, 'الوحدات'!B:B, B31, 'الوحدات'!M:M, "متاحة"), "") -> 0 | AD31: =IFERROR(SUMIFS('الوحدات'!L:L, 'الوحدات'!B:B, B31, 'الوحدات'!M:M, "محجوزة"), "") -> 0 | AE31: =IFERROR(SUMIFS('الوحدات'!L:L, 'الوحدات'!B:B, B31, 'الوحدات'!M:M, "مباعة"), "") -> 0 | AF31: =IFERROR(MINIFS('الوحدات'!L:L, 'الوحدات'!B:B, B31), "") -> 999000 | AG31: =IFERROR(MINIFS('الوحدات'!L:L, 'الوحدات'!B:B, B31, 'الوحدات'!M:M, "متاحة"), "") -> 0 | AH31: =IFERROR(MAXIFS('الوحدات'!L:L, 'الوحدات'!B:B, B31), "") -> 1699000 | AI31: =IFERROR(MAXIFS('الوحدات'!L:L, 'الوحدات'!B:B, B31, 'الوحدات'!M:M, "متاحة"), "") -> 0 | AJ31: =AH31&"-"&AF31 -> 1699000-999000 | AK31: =AI31&"-"&AG31 -> 0-0 | AL31: =IFERROR(MINIFS('الوحدات'!K:K, 'الوحدات'!B:B, B31), "") -> 74 | AM31: =IFERROR(MINIFS('الوحدات'!K:K, 'الوحدات'!B:B, B31, 'الوحدات'!M:M, "متاحة"), "") -> 0 | AN31: =IFERROR(MAXIFS('الوحدات'!K:K, 'الوحدات'!B:B, B31), "") -> 164 | AO31: =IFERROR(MAXIFS('الوحدات'!K:K, 'الوحدات'!B:B, B31, 'الوحدات'!M:M, "متاحة"), "") -> 0 | AP31: =AN31&"-"&AL31 -> 164-74 | AQ31: =AO31&"-"&AM31 -> 0-0 | AR31: =IFERROR(MINIFS('الوحدات'!N:N, 'الوحدات'!B:B, B31), "") -> 3 | AS31: =IFERROR(MINIFS('الوحدات'!N:N, 'الوحدات'!B:B, B31, 'الوحدات'!M:M, "متاحة"), "") -> 0 | AT31: =IFERROR(MAXIFS('الوحدات'!N:N, 'الوحدات'!B:B, B31), "") -> 3 | AU31: =IFERROR(MAXIFS('الوحدات'!N:N, 'الوحدات'!B:B, B31, 'الوحدات'!M:M, "متاحة"), "") -> 0 | AV31: =AT31&"-"&AR31 -> 3-3 | AW31: =AU31&"-"&AS31 -> 0-0 | AX31: =IFERROR(MINIFS('الوحدات'!O:O, 'الوحدات'!B:B, B31), "") -> 3 | AY31: =IFERROR(MINIFS('الوحدات'!O:O, 'الوحدات'!B:B, B31, 'الوحدات'!M:M, "متاحة"), "") -> 0 | AZ31: =IFERROR(MAXIFS('الوحدات'!O:O, 'الوحدات'!B:B, B31), "") -> 3 | BA31: =IFERROR(MAXIFS('الوحدات'!O:O, 'الوحدات'!B:B, B31, 'الوحدات'!M:M, "متاحة"), "") -> 0 | BB31: =AZ31&"-"&AX31 -> 3-3 | BC31: =BA31&"-"&AY31 -> 0-0
A32: 31 | B32: ALN140 | C32: ألين | D32: 140 | E32: ="ألين - "&D32 -> ألين - 140 | F32: =IF(COUNTIFS('الوحدات'!B:B,B32,'الوحدات'!M:M,"متاحة")>0,"متاح", IF(COUNTIFS('الوحدات'!B:B,B32,'الوحدات'!M:M,"<>")=0, "", IF(COUNTIFS('الوحدات'!B:B,B32,'الوحدات'!M:M,"تحت الإنشاء")=COUNTIFS('الوحدات'!B:B,B32,'الوحدات'!M:M,"<>"), "تحت الإنشاء", IF(COUNTIFS('الوحدات'!B:B,B32,'الوحدات'!M:M,"تحت الإنشاء")>0, "تحت الإنشاء جزئيا", "مباعة" )))) -> تحت الإنشاء | G32: =IFERROR(__xludf.DUMMYFUNCTION("IF(SUMPRODUCT(('الوحدات'!B:B=B32)*REGEXMATCH(TRIM('الوحدات'!J:J),""^(تاون هاوس|دور|شقة|فيلا)$""))>0,""سكني"","""")"),"سكني") -> سكني | H32: =IFERROR(__xludf.DUMMYFUNCTION("TEXTJOIN(""-"", TRUE, UNIQUE(FILTER('الوحدات'!J:J, 'الوحدات'!B:B = B32))) "),"دور") -> دور | J32: https://maps.app.goo.gl/PQG99pCQhSiA7Gwo9 | K32: شرق | L32: المملكة العربية السعودية | M32: الرياض | N32: الربوة | O32: https://aleen.cc/Upload/140/details.pdf | S32: =COUNTIF('الوحدات'!B:B, B32) -> 9 | T32: =COUNTIFS('الوحدات'!B:B, B32, 'الوحدات'!M:M, "متاحة") -> 0 | U32: =COUNTIFS('الوحدات'!B:B, B32, 'الوحدات'!M:M, "تحت الإنشاء") -> 9 | V32: =COUNTIFS('الوحدات'!B:B, B32, 'الوحدات'!M:M, "محجوزة") -> 0 | W32: =COUNTIFS('الوحدات'!B:B, B32, 'الوحدات'!M:M, "مباعة") -> 0 | X32: =IFERROR(AVERAGEIFS('الوحدات'!L:L, 'الوحدات'!B:B, B32), "") -> 1349000 | Y32: =IFERROR(AVERAGEIFS('الوحدات'!L:L, 'الوحدات'!B:B, B32, 'الوحدات'!M:M, "متاحة"), "") | Z32: =IFERROR(SUMIFS('الوحدات'!L:L, 'الوحدات'!B:B, B32), "") -> 12141000 | AA32: =AE32/Z32 -> 0 | AB32: =IFERROR(SUMIFS('الوحدات'!L:L, 'الوحدات'!B:B, B32, 'الوحدات'!M:M, "تحت الإنشاء"), "") -> 12141000 | AC32: =IFERROR(SUMIFS('الوحدات'!L:L, 'الوحدات'!B:B, B32, 'الوحدات'!M:M, "متاحة"), "") -> 0 | AD32: =IFERROR(SUMIFS('الوحدات'!L:L, 'الوحدات'!B:B, B32, 'الوحدات'!M:M, "محجوزة"), "") -> 0 | AE32: =IFERROR(SUMIFS('الوحدات'!L:L, 'الوحدات'!B:B, B32, 'الوحدات'!M:M, "مباعة"), "") -> 0 | AF32: =IFERROR(MINIFS('الوحدات'!L:L, 'الوحدات'!B:B, B32), "") -> 899000 | AG32: =IFERROR(MINIFS('الوحدات'!L:L, 'الوحدات'!B:B, B32, 'الوحدات'!M:M, "متاحة"), "") -> 0 | AH32: =IFERROR(MAXIFS('الوحدات'!L:L, 'الوحدات'!B:B, B32), "") -> 1699000 | AI32: =IFERROR(MAXIFS('الوحدات'!L:L, 'الوحدات'!B:B, B32, 'الوحدات'!M:M, "متاحة"), "") -> 0 | AJ32: =AH32&"-"&AF32 -> 1699000-899000 | AK32: =AI32&"-"&AG32 -> 0-0 | AL32: =IFERROR(MINIFS('الوحدات'!K:K, 'الوحدات'!B:B, B32), "") -> 72 | AM32: =IFERROR(MINIFS('الوحدات'!K:K, 'الوحدات'!B:B, B32, 'الوحدات'!M:M, "متاحة"), "") -> 0 | AN32: =IFERROR(MAXIFS('الوحدات'!K:K, 'الوحدات'!B:B, B32), "") -> 165 | AO32: =IFERROR(MAXIFS('الوحدات'!K:K, 'الوحدات'!B:B, B32, 'الوحدات'!M:M, "متاحة"), "") -> 0 | AP32: =AN32&"-"&AL32 -> 165-72 | AQ32: =AO32&"-"&AM32 -> 0-0 | AR32: =IFERROR(MINIFS('الوحدات'!N:N, 'الوحدات'!B:B, B32), "") -> 3 | AS32: =IFERROR(MINIFS('الوحدات'!N:N, 'الوحدات'!B:B, B32, 'الوحدات'!M:M, "متاحة"), "") -> 0 | AT32: =IFERROR(MAXIFS('الوحدات'!N:N, 'الوحدات'!B:B, B32), "") -> 3 | AU32: =IFERROR(MAXIFS('الوحدات'!N:N, 'الوحدات'!B:B, B32, 'الوحدات'!M:M, "متاحة"), "") -> 0 | AV32: =AT32&"-"&AR32 -> 3-3 | AW32: =AU32&"-"&AS32 -> 0-0 | AX32: =IFERROR(MINIFS('الوحدات'!O:O, 'الوحدات'!B:B, B32), "") -> 0 | AY32: =IFERROR(MINIFS('الوحدات'!O:O, 'الوحدات'!B:B, B32, 'الوحدات'!M:M, "متاحة"), "") -> 0 | AZ32: =IFERROR(MAXIFS('الوحدات'!O:O, 'الوحدات'!B:B, B32), "") -> 0 | BA32: =IFERROR(MAXIFS('الوحدات'!O:O, 'الوحدات'!B:B, B32, 'الوحدات'!M:M, "متاحة"), "") -> 0 | BB32: =AZ32&"-"&AX32 -> 0-0 | BC32: =BA32&"-"&AY32 -> 0-0
A33: 32 | B33: ALN156 | C33: ألين | D33: 156 | E33: ="ألين - "&D33 -> ألين - 156 | F33: =IF(COUNTIFS('الوحدات'!B:B,B33,'الوحدات'!M:M,"متاحة")>0,"متاح", IF(COUNTIFS('الوحدات'!B:B,B33,'الوحدات'!M:M,"<>")=0, "", IF(COUNTIFS('الوحدات'!B:B,B33,'الوحدات'!M:M,"تحت الإنشاء")=COUNTIFS('الوحدات'!B:B,B33,'الوحدات'!M:M,"<>"), "تحت الإنشاء", IF(COUNTIFS('الوحدات'!B:B,B33,'الوحدات'!M:M,"تحت الإنشاء")>0, "تحت الإنشاء جزئيا", "مباعة" )))) -> تحت الإنشاء | G33: =IFERROR(__xludf.DUMMYFUNCTION("IF(SUMPRODUCT(('الوحدات'!B:B=B33)*REGEXMATCH(TRIM('الوحدات'!J:J),""^(تاون هاوس|دور|شقة|فيلا)$""))>0,""سكني"","""")"),"سكني") -> سكني | H33: =IFERROR(__xludf.DUMMYFUNCTION("TEXTJOIN(""-"", TRUE, UNIQUE(FILTER('الوحدات'!J:J, 'الوحدات'!B:B = B33))) "),"دور") -> دور | J33: https://maps.app.goo.gl/UDj1zhtU5gP7FZt16 | K33: شرق | L33: المملكة العربية السعودية | M33: الرياض | N33: جرير | O33: https://aleen.cc/Upload/156/details.pdf | S33: =COUNTIF('الوحدات'!B:B, B33) -> 9 | T33: =COUNTIFS('الوحدات'!B:B, B33, 'الوحدات'!M:M, "متاحة") -> 0 | U33: =COUNTIFS('الوحدات'!B:B, B33, 'الوحدات'!M:M, "تحت الإنشاء") -> 9 | V33: =COUNTIFS('الوحدات'!B:B, B33, 'الوحدات'!M:M, "محجوزة") -> 0 | W33: =COUNTIFS('الوحدات'!B:B, B33, 'الوحدات'!M:M, "مباعة") -> 0 | X33: =IFERROR(AVERAGEIFS('الوحدات'!L:L, 'الوحدات'!B:B, B33), "") -> 1326777.8 | Y33: =IFERROR(AVERAGEIFS('الوحدات'!L:L, 'الوحدات'!B:B, B33, 'الوحدات'!M:M, "متاحة"), "") | Z33: =IFERROR(SUMIFS('الوحدات'!L:L, 'الوحدات'!B:B, B33), "") -> 11941000 | AA33: =AE33/Z33 -> 0 | AB33: =IFERROR(SUMIFS('الوحدات'!L:L, 'الوحدات'!B:B, B33, 'الوحدات'!M:M, "تحت الإنشاء"), "") -> 11941000 | AC33: =IFERROR(SUMIFS('الوحدات'!L:L, 'الوحدات'!B:B, B33, 'الوحدات'!M:M, "متاحة"), "") -> 0 | AD33: =IFERROR(SUMIFS('الوحدات'!L:L, 'الوحدات'!B:B, B33, 'الوحدات'!M:M, "محجوزة"), "") -> 0 | AE33: =IFERROR(SUMIFS('الوحدات'!L:L, 'الوحدات'!B:B, B33, 'الوحدات'!M:M, "مباعة"), "") -> 0 | AF33: =IFERROR(MINIFS('الوحدات'!L:L, 'الوحدات'!B:B, B33), "") -> 899000 | AG33: =IFERROR(MINIFS('الوحدات'!L:L, 'الوحدات'!B:B, B33, 'الوحدات'!M:M, "متاحة"), "") -> 0 | AH33: =IFERROR(MAXIFS('الوحدات'!L:L, 'الوحدات'!B:B, B33), "") -> 1599000 | AI33: =IFERROR(MAXIFS('الوحدات'!L:L, 'الوحدات'!B:B, B33, 'الوحدات'!M:M, "متاحة"), "") -> 0 | AJ33: =AH33&"-"&AF33 -> 1599000-899000 | AK33: =AI33&"-"&AG33 -> 0-0 | AL33: =IFERROR(MINIFS('الوحدات'!K:K, 'الوحدات'!B:B, B33), "") -> 68 | AM33: =IFERROR(MINIFS('الوحدات'!K:K, 'الوحدات'!B:B, B33, 'الوحدات'!M:M, "متاحة"), "") -> 0 | AN33: =IFERROR(MAXIFS('الوحدات'!K:K, 'الوحدات'!B:B, B33), "") -> 155 | AO33: =IFERROR(MAXIFS('الوحدات'!K:K, 'الوحدات'!B:B, B33, 'الوحدات'!M:M, "متاحة"), "") -> 0 | AP33: =AN33&"-"&AL33 -> 155-68 | AQ33: =AO33&"-"&AM33 -> 0-0 | AR33: =IFERROR(MINIFS('الوحدات'!N:N, 'الوحدات'!B:B, B33), "") -> 3 | AS33: =IFERROR(MINIFS('الوحدات'!N:N, 'الوحدات'!B:B, B33, 'الوحدات'!M:M, "متاحة"), "") -> 0 | AT33: =IFERROR(MAXIFS('الوحدات'!N:N, 'الوحدات'!B:B, B33), "") -> 3 | AU33: =IFERROR(MAXIFS('الوحدات'!N:N, 'الوحدات'!B:B, B33, 'الوحدات'!M:M, "متاحة"), "") -> 0 | AV33: =AT33&"-"&AR33 -> 3-3 | AW33: =AU33&"-"&AS33 -> 0-0 | AX33: =IFERROR(MINIFS('الوحدات'!O:O, 'الوحدات'!B:B, B33), "") -> 4 | AY33: =IFERROR(MINIFS('الوحدات'!O:O, 'الوحدات'!B:B, B33, 'الوحدات'!M:M, "متاحة"), "") -> 0 | AZ33: =IFERROR(MAXIFS('الوحدات'!O:O, 'الوحدات'!B:B, B33), "") -> 4 | BA33: =IFERROR(MAXIFS('الوحدات'!O:O, 'الوحدات'!B:B, B33, 'الوحدات'!M:M, "متاحة"), "") -> 0 | BB33: =AZ33&"-"&AX33 -> 4-4 | BC33: =BA33&"-"&AY33 -> 0-0
A34: 33 | B34: SMD | C34: سوامد | E34: سوامد | F34: =IF(COUNTIFS('الوحدات'!B:B,B34,'الوحدات'!M:M,"متاحة")>0,"متاح", IF(COUNTIFS('الوحدات'!B:B,B34,'الوحدات'!M:M,"<>")=0, "", IF(COUNTIFS('الوحدات'!B:B,B34,'الوحدات'!M:M,"تحت الإنشاء")=COUNTIFS('الوحدات'!B:B,B34,'الوحدات'!M:M,"<>"), "تحت الإنشاء", IF(COUNTIFS('الوحدات'!B:B,B34,'الوحدات'!M:M,"تحت الإنشاء")>0, "تحت الإنشاء جزئيا", "مباعة" )))) -> متاح | G34: =IFERROR(__xludf.DUMMYFUNCTION("IF(SUMPRODUCT(('الوحدات'!B:B=B34)*REGEXMATCH(TRIM('الوحدات'!J:J),""^(تاون هاوس|دور|شقة|فيلا)$""))>0,""سكني"","""")"),"سكني") -> سكني | H34: =IFERROR(__xludf.DUMMYFUNCTION("TEXTJOIN(""-"", TRUE, UNIQUE(FILTER('الوحدات'!J:J, 'الوحدات'!B:B = B34))) "),"شقة") -> شقة | J34: https://maps.app.goo.gl/wx1wwEgFLzYgdNxr6 | K34: شرق | L34: المملكة العربية السعودية | M34: الرياض | N34: المنار | R34: صالة جلوس, مجلس, فناء خارجي, غرفة خدمات, مطبخ, صالة طعام | S34: =COUNTIF('الوحدات'!B:B, B34) -> 36 | T34: =COUNTIFS('الوحدات'!B:B, B34, 'الوحدات'!M:M, "متاحة") -> 36 | U34: =COUNTIFS('الوحدات'!B:B, B34, 'الوحدات'!M:M, "تحت الإنشاء") -> 0 | V34: =COUNTIFS('الوحدات'!B:B, B34, 'الوحدات'!M:M, "محجوزة") -> 0 | W34: =COUNTIFS('الوحدات'!B:B, B34, 'الوحدات'!M:M, "مباعة") -> 0 | X34: =IFERROR(AVERAGEIFS('الوحدات'!L:L, 'الوحدات'!B:B, B34), "") -> 808750 | Y34: =IFERROR(AVERAGEIFS('الوحدات'!L:L, 'الوحدات'!B:B, B34, 'الوحدات'!M:M, "متاحة"), "") -> 808750 | Z34: =IFERROR(SUMIFS('الوحدات'!L:L, 'الوحدات'!B:B, B34), "") -> 29115000 | AA34: =AE34/Z34 -> 0 | AB34: =IFERROR(SUMIFS('الوحدات'!L:L, 'الوحدات'!B:B, B34, 'الوحدات'!M:M, "تحت الإنشاء"), "") -> 0 | AC34: =IFERROR(SUMIFS('الوحدات'!L:L, 'الوحدات'!B:B, B34, 'الوحدات'!M:M, "متاحة"), "") -> 29115000 | AD34: =IFERROR(SUMIFS('الوحدات'!L:L, 'الوحدات'!B:B, B34, 'الوحدات'!M:M, "محجوزة"), "") -> 0 | AE34: =IFERROR(SUMIFS('الوحدات'!L:L, 'الوحدات'!B:B, B34, 'الوحدات'!M:M, "مباعة"), "") -> 0 | AF34: =IFERROR(MINIFS('الوحدات'!L:L, 'الوحدات'!B:B, B34), "") -> 695000 | AG34: =IFERROR(MINIFS('الوحدات'!L:L, 'الوحدات'!B:B, B34, 'الوحدات'!M:M, "متاحة"), "") -> 695000 | AH34: =IFERROR(MAXIFS('الوحدات'!L:L, 'الوحدات'!B:B, B34), "") -> 910000 | AI34: =IFERROR(MAXIFS('الوحدات'!L:L, 'الوحدات'!B:B, B34, 'الوحدات'!M:M, "متاحة"), "") -> 910000 | AJ34: =AH34&"-"&AF34 -> 910000-695000 | AK34: =AI34&"-"&AG34 -> 910000-695000 | AL34: =IFERROR(MINIFS('الوحدات'!K:K, 'الوحدات'!B:B, B34), "") -> 90 | AM34: =IFERROR(MINIFS('الوحدات'!K:K, 'الوحدات'!B:B, B34, 'الوحدات'!M:M, "متاحة"), "") -> 90 | AN34: =IFERROR(MAXIFS('الوحدات'!K:K, 'الوحدات'!B:B, B34), "") -> 149 | AO34: =IFERROR(MAXIFS('الوحدات'!K:K, 'الوحدات'!B:B, B34, 'الوحدات'!M:M, "متاحة"), "") -> 149 | AP34: =AN34&"-"&AL34 -> 149-90 | AQ34: =AO34&"-"&AM34 -> 149-90 | AR34: =IFERROR(MINIFS('الوحدات'!N:N, 'الوحدات'!B:B, B34), "") -> 2 | AS34: =IFERROR(MINIFS('الوحدات'!N:N, 'الوحدات'!B:B, B34, 'الوحدات'!M:M, "متاحة"), "") -> 2 | AT34: =IFERROR(MAXIFS('الوحدات'!N:N, 'الوحدات'!B:B, B34), "") -> 3 | AU34: =IFERROR(MAXIFS('الوحدات'!N:N, 'الوحدات'!B:B, B34, 'الوحدات'!M:M, "متاحة"), "") -> 3 | AV34: =AT34&"-"&AR34 -> 3-2 | AW34: =AU34&"-"&AS34 -> 3-2 | AX34: =IFERROR(MINIFS('الوحدات'!O:O, 'الوحدات'!B:B, B34), "") -> 2 | AY34: =IFERROR(MINIFS('الوحدات'!O:O, 'الوحدات'!B:B, B34, 'الوحدات'!M:M, "متاحة"), "") -> 2 | AZ34: =IFERROR(MAXIFS('الوحدات'!O:O, 'الوحدات'!B:B, B34), "") -> 3 | BA34: =IFERROR(MAXIFS('الوحدات'!O:O, 'الوحدات'!B:B, B34, 'الوحدات'!M:M, "متاحة"), "") -> 3 | BB34: =AZ34&"-"&AX34 -> 3-2 | BC34: =BA34&"-"&AY34 -> 3-2
A35: 34 | B35: KAL1 | C35: الخالدية | D35: 1 | E35: برج الخالدية | F35: =IF(COUNTIFS('الوحدات'!B:B,B35,'الوحدات'!M:M,"متاحة")>0,"متاح", IF(COUNTIFS('الوحدات'!B:B,B35,'الوحدات'!M:M,"<>")=0, "", IF(COUNTIFS('الوحدات'!B:B,B35,'الوحدات'!M:M,"تحت الإنشاء")=COUNTIFS('الوحدات'!B:B,B35,'الوحدات'!M:M,"<>"), "تحت الإنشاء", IF(COUNTIFS('الوحدات'!B:B,B35,'الوحدات'!M:M,"تحت الإنشاء")>0, "تحت الإنشاء جزئيا", "مباعة" )))) -> متاح | G35: =IFERROR(__xludf.DUMMYFUNCTION("IF(SUMPRODUCT(('الوحدات'!B:B=B35)*REGEXMATCH(TRIM('الوحدات'!J:J),""^(تاون هاوس|دور|شقة|فيلا)$""))>0,""سكني"","""")"),"سكني") -> سكني | H35: =IFERROR(__xludf.DUMMYFUNCTION("TEXTJOIN(""-"", TRUE, UNIQUE(FILTER('الوحدات'!J:J, 'الوحدات'!B:B = B35))) "),"شقة") -> شقة | J35: https://maps.app.goo.gl/qdVJ5JZA2bqzGZVr6 | K35: جنوب | L35: المملكة العربية السعودية | M35: الرياض | N35: المربع | O35: https://drive.google.com/file/d/1WojWh2utWfc6vYtmvB9d7_qan2ndQ3ot/view?usp=drive_link | R35: صالة جلوس, مطبخ, صالة طعام | S35: =COUNTIF('الوحدات'!B:B, B35) -> 179 | T35: =COUNTIFS('الوحدات'!B:B, B35, 'الوحدات'!M:M, "متاحة") -> 179 | U35: =COUNTIFS('الوحدات'!B:B, B35, 'الوحدات'!M:M, "تحت الإنشاء") -> 0 | V35: =COUNTIFS('الوحدات'!B:B, B35, 'الوحدات'!M:M, "محجوزة") -> 0 | W35: =COUNTIFS('الوحدات'!B:B, B35, 'الوحدات'!M:M, "مباعة") -> 0 | X35: =IFERROR(AVERAGEIFS('الوحدات'!L:L, 'الوحدات'!B:B, B35), "") -> 615363.13 | Y35: =IFERROR(AVERAGEIFS('الوحدات'!L:L, 'الوحدات'!B:B, B35, 'الوحدات'!M:M, "متاحة"), "") -> 615363.13 | Z35: =IFERROR(SUMIFS('الوحدات'!L:L, 'الوحدات'!B:B, B35), "") -> 110150000 | AA35: =AE35/Z35 -> 0 | AB35: =IFERROR(SUMIFS('الوحدات'!L:L, 'الوحدات'!B:B, B35, 'الوحدات'!M:M, "تحت الإنشاء"), "") -> 0 | AC35: =IFERROR(SUMIFS('الوحدات'!L:L, 'الوحدات'!B:B, B35, 'الوحدات'!M:M, "متاحة"), "") -> 110150000 | AD35: =IFERROR(SUMIFS('الوحدات'!L:L, 'الوحدات'!B:B, B35, 'الوحدات'!M:M, "محجوزة"), "") -> 0 | AE35: =IFERROR(SUMIFS('الوحدات'!L:L, 'الوحدات'!B:B, B35, 'الوحدات'!M:M, "مباعة"), "") -> 0 | AF35: =IFERROR(MINIFS('الوحدات'!L:L, 'الوحدات'!B:B, B35), "") -> 370000 | AG35: =IFERROR(MINIFS('الوحدات'!L:L, 'الوحدات'!B:B, B35, 'الوحدات'!M:M, "متاحة"), "") -> 370000 | AH35: =IFERROR(MAXIFS('الوحدات'!L:L, 'الوحدات'!B:B, B35), "") -> 770000 | AI35: =IFERROR(MAXIFS('الوحدات'!L:L, 'الوحدات'!B:B, B35, 'الوحدات'!M:M, "متاحة"), "") -> 770000 | AJ35: =AH35&"-"&AF35 -> 770000-370000 | AK35: =AI35&"-"&AG35 -> 770000-370000 | AL35: =IFERROR(MINIFS('الوحدات'!K:K, 'الوحدات'!B:B, B35), "") -> 46 | AM35: =IFERROR(MINIFS('الوحدات'!K:K, 'الوحدات'!B:B, B35, 'الوحدات'!M:M, "متاحة"), "") -> 46 | AN35: =IFERROR(MAXIFS('الوحدات'!K:K, 'الوحدات'!B:B, B35), "") -> 135 | AO35: =IFERROR(MAXIFS('الوحدات'!K:K, 'الوحدات'!B:B, B35, 'الوحدات'!M:M, "متاحة"), "") -> 135 | AP35: =AN35&"-"&AL35 -> 135-46 | AQ35: =AO35&"-"&AM35 -> 135-46 | AR35: =IFERROR(MINIFS('الوحدات'!N:N, 'الوحدات'!B:B, B35), "") -> 1 | AS35: =IFERROR(MINIFS('الوحدات'!N:N, 'الوحدات'!B:B, B35, 'الوحدات'!M:M, "متاحة"), "") -> 1 | AT35: =IFERROR(MAXIFS('الوحدات'!N:N, 'الوحدات'!B:B, B35), "") -> 3 | AU35: =IFERROR(MAXIFS('الوحدات'!N:N, 'الوحدات'!B:B, B35, 'الوحدات'!M:M, "متاحة"), "") -> 3 | AV35: =AT35&"-"&AR35 -> 3-1 | AW35: =AU35&"-"&AS35 -> 3-1 | AX35: =IFERROR(MINIFS('الوحدات'!O:O, 'الوحدات'!B:B, B35), "") -> 1 | AY35: =IFERROR(MINIFS('الوحدات'!O:O, 'الوحدات'!B:B, B35, 'الوحدات'!M:M, "متاحة"), "") -> 1 | AZ35: =IFERROR(MAXIFS('الوحدات'!O:O, 'الوحدات'!B:B, B35), "") -> 2 | BA35: =IFERROR(MAXIFS('الوحدات'!O:O, 'الوحدات'!B:B, B35, 'الوحدات'!M:M, "متاحة"), "") -> 2 | BB35: =AZ35&"-"&AX35 -> 2-1 | BC35: =BA35&"-"&AY35 -> 2-1

Sheet Export - Projects
A1: Project EId | B1: Project Code | C1: Project Owner | D1: Project Number | E1: Project Name | F1: Project Status | G1: Project Type | H1: Units Types | I1: Project Opening Date | J1: Project Location - Maps | K1: Direction | L1: Country | M1: City | N1: District | O1: Project Brochure Link | P1: Project Video Link | Q1: Project Images | R1: Project Components | S1: Units Count | T1: Available Units Count | U1: Under Construction Units Count | V1: Reserved Units Count | W1: Sold Units Count | X1: Average Unit Value | Y1: ِAverage Available Unit Value | Z1: Total Project Value | AA1: Project Sales Percentage% | AB1: Under Construction Value | AC1: Available Units Value | AD1: Reserved Units Value | AE1: Sold Units Value | AF1: Minimum Price | AG1: Available Minimum Price | AH1: Maximum Price | AI1: Available Maximum Price | AJ1: Price Range | AK1: Available Price Range | AL1: Minimum Area | AM1: Available Minimum Area | AN1: Maximum Area | AO1: Available Maximum Area | AP1: Area Range | AQ1: Available Area Range | AR1: Min Sleeping Rooms | AS1: Available Min Sleeping Rooms | AT1: Max Sleeping Rooms | AU1: Available Max Sleeping Rooms | AV1: Bedrooms Range | AW1: Available Bedrooms Range | AX1: Min Bathrooms | AY1: Available Min Bathrooms | AZ1: Max Bathrooms | BA1: Available Max Bathrooms | BB1: Bathrooms Range | BC1: Available Bathrooms Range
A2: 1 | B2: TAN | C2: تنال | E2: تنال - الرمال | F2: {=SWITCH( XLOOKUP(B2, 'المشاريع'!B:B, 'المشاريع'!F:F), "متاح","Available", "غير متاح","Not Available", "مباع","Fully Sold", "تحت الإنشاء","Under Construction", "تحت الإنشاء جزئيا","Partly Under Construction", "مفاوضات","Negotiations" )} -> Available | G2: {=SWITCH( XLOOKUP(B2, 'المشاريع'!B:B, 'المشاريع'!G:G), "سكني","Residential", "تجاري","Commercial" )} -> Residential | H2: {=SUBSTITUTE( SUBSTITUTE( SUBSTITUTE( SUBSTITUTE( SUBSTITUTE( XLOOKUP(B2,'المشاريع'!B:B,'المشاريع'!H:H), "شقة","Apartment"), "دور","Floor"), "فيلا","Villa"), "تاون هاوس","Town House"), "-",", ")} -> Floor, Apartment | J2: https://maps.app.goo.gl/VQzCjvzJ9MfCPR7U9 | K2: {=SUBSTITUTE( SUBSTITUTE( SUBSTITUTE( SUBSTITUTE( XLOOKUP(B2, 'المشاريع'!B:B, 'المشاريع'!K:K), "شمال","North"), "شرق","East"), "جنوب","South"), "غرب","West")} -> North | L2: المملكة العربية السعودية | M2: الرياض | N2: الرمال | R2: {=SUBSTITUTE( SUBSTITUTE( SUBSTITUTE( SUBSTITUTE( SUBSTITUTE( SUBSTITUTE( SUBSTITUTE( SUBSTITUTE( SUBSTITUTE( SUBSTITUTE( SUBSTITUTE( XLOOKUP(B2,'المشاريع'!B:B,'المشاريع'!R:R),"صالة جلوس","Living room"), "مجلس","Reception room"), "غرفة سائق","Driver room"), "صالة طعام","Dining room"), "غرفة خادمة","Maid room"), "بلكونة","Balcony"), "فناء خارجي","Outdoor courtyard"), "غرفة خدمات","Utility room"), "غرفة غسيل","Laundry room"), "مطبخ","Kitchen"), "-",", ")} -> Living room, Reception room | S2: =COUNTIF('الوحدات'!B:B, B2) -> 6 | T2: =COUNTIFS('الوحدات'!B:B, B2, 'الوحدات'!M:M, "متاحة") -> 6 | U2: =COUNTIFS('الوحدات'!B:B, B2, 'الوحدات'!M:M, "تحت الإنشاء") -> 0 | V2: =COUNTIFS('الوحدات'!B:B, B2, 'الوحدات'!M:M, "محجوزة") -> 0 | W2: =COUNTIFS('الوحدات'!B:B, B2, 'الوحدات'!M:M, "مباعة") -> 0 | X2: =IFERROR(AVERAGEIFS('الوحدات'!L:L, 'الوحدات'!B:B, B2), "") -> 796666.67 | Y2: =IFERROR( ROUND( AVERAGEIFS('الوحدات'!L:L, 'الوحدات'!B:B, B2, 'الوحدات'!M:M, "متاحة"), 2 ), "" ) -> 796666.67 | Z2: =IFERROR(SUMIFS('الوحدات'!L:L, 'الوحدات'!B:B, B2), "") -> 4780000 | AA2: =ROUND(AE2/Z2, 2) -> 0 | AB2: =IFERROR(SUMIFS('الوحدات'!L:L, 'الوحدات'!B:B, B2, 'الوحدات'!M:M, "تحت الإنشاء"), "") -> 0 | AC2: =IFERROR(SUMIFS('الوحدات'!L:L, 'الوحدات'!B:B, B2, 'الوحدات'!M:M, "متاحة"), "") -> 4780000 | AD2: =IFERROR(SUMIFS('الوحدات'!L:L, 'الوحدات'!B:B, B2, 'الوحدات'!M:M, "محجوزة"), "") -> 0 | AE2: =IFERROR(SUMIFS('الوحدات'!L:L, 'الوحدات'!B:B, B2, 'الوحدات'!M:M, "مباعة"), "") -> 0 | AF2: =IFERROR( ROUND( VALUE( SUBSTITUTE( SUBSTITUTE( MINIFS('الوحدات'!L:L,'الوحدات'!B:B,B2), ",",""), "٬","") ), 0 ), "" ) -> 600000 | AG2: =IFERROR(MINIFS('الوحدات'!L:L, 'الوحدات'!B:B, B2, 'الوحدات'!M:M, "متاحة"), "") -> 600000 | AH2: =IFERROR(MAXIFS('الوحدات'!L:L, 'الوحدات'!B:B, B2), "") -> 990000 | AI2: =IFERROR(MAXIFS('الوحدات'!L:L, 'الوحدات'!B:B, B2, 'الوحدات'!M:M, "متاحة"), "") -> 990000 | AJ2: =AH2&"-"&AF2 -> 990000-600000 | AK2: =AI2&"-"&AG2 -> 990000-600000 | AL2: =IFERROR(MINIFS('الوحدات'!K:K, 'الوحدات'!B:B, B2), "") -> 186 | AM2: =IFERROR(MINIFS('الوحدات'!K:K, 'الوحدات'!B:B, B2, 'الوحدات'!M:M, "متاحة"), "") -> 186 | AN2: =IFERROR(MAXIFS('الوحدات'!K:K, 'الوحدات'!B:B, B2), "") -> 258 | AO2: =IFERROR(MAXIFS('الوحدات'!K:K, 'الوحدات'!B:B, B2, 'الوحدات'!M:M, "متاحة"), "") -> 258 | AP2: =AN2&"-"&AL2 -> 258-186 | AQ2: =AO2&"-"&AM2 -> 258-186 | AR2: =IFERROR(MINIFS('الوحدات'!N:N, 'الوحدات'!B:B, B2), "") -> 2 | AS2: =IFERROR(MINIFS('الوحدات'!N:N, 'الوحدات'!B:B, B2, 'الوحدات'!M:M, "متاحة"), "") -> 2 | AT2: =IFERROR(MAXIFS('الوحدات'!N:N, 'الوحدات'!B:B, B2), "") -> 3 | AU2: =IFERROR(MAXIFS('الوحدات'!N:N, 'الوحدات'!B:B, B2, 'الوحدات'!M:M, "متاحة"), "") -> 3 | AV2: =AT2&"-"&AR2 -> 3-2 | AW2: =AU2&"-"&AS2 -> 3-2 | AX2: =IFERROR(MINIFS('الوحدات'!O:O, 'الوحدات'!B:B, B2), "") -> 2 | AY2: =IFERROR(MINIFS('الوحدات'!O:O, 'الوحدات'!B:B, B2, 'الوحدات'!M:M, "متاحة"), "") -> 2 | AZ2: =IFERROR(MAXIFS('الوحدات'!O:O, 'الوحدات'!B:B, B2), "") -> 3 | BA2: =IFERROR(MAXIFS('الوحدات'!O:O, 'الوحدات'!B:B, B2, 'الوحدات'!M:M, "متاحة"), "") -> 3 | BB2: =AZ2&"-"&AX2 -> 3-2 | BC2: =BA2&"-"&AY2 -> 3-2
A3: 2 | B3: TAR | C3: ترف | E3: ترف - الرمال | F3: {=SWITCH( XLOOKUP(B3, 'المشاريع'!B:B, 'المشاريع'!F:F), "متاح","Available", "غير متاح","Not Available", "مباع","Fully Sold", "تحت الإنشاء","Under Construction", "تحت الإنشاء جزئيا","Partly Under Construction", "مفاوضات","Negotiations" )} -> Available | G3: {=SWITCH( XLOOKUP(B3, 'المشاريع'!B:B, 'المشاريع'!G:G), "سكني","Residential", "تجاري","Commercial" )} -> Residential | H3: {=SUBSTITUTE( SUBSTITUTE( SUBSTITUTE( SUBSTITUTE( SUBSTITUTE( XLOOKUP(B3,'المشاريع'!B:B,'المشاريع'!H:H), "شقة","Apartment"), "دور","Floor"), "فيلا","Villa"), "تاون هاوس","Town House"), "-",", ")} -> Floor, Apartment | J3: https://maps.app.goo.gl/HbNqmyyW7a6zVxRs7?g_st=ipc | K3: {=SUBSTITUTE( SUBSTITUTE( SUBSTITUTE( SUBSTITUTE( XLOOKUP(B3, 'المشاريع'!B:B, 'المشاريع'!K:K), "شمال","North"), "شرق","East"), "جنوب","South"), "غرب","West")} -> North | L3: المملكة العربية السعودية | M3: الرياض | N3: الرمال | R3: {=SUBSTITUTE( SUBSTITUTE( SUBSTITUTE( SUBSTITUTE( SUBSTITUTE( SUBSTITUTE( SUBSTITUTE( SUBSTITUTE( SUBSTITUTE( SUBSTITUTE( SUBSTITUTE( XLOOKUP(B3,'المشاريع'!B:B,'المشاريع'!R:R),"صالة جلوس","Living room"), "مجلس","Reception room"), "غرفة سائق","Driver room"), "صالة طعام","Dining room"), "غرفة خادمة","Maid room"), "بلكونة","Balcony"), "فناء خارجي","Outdoor courtyard"), "غرفة خدمات","Utility room"), "غرفة غسيل","Laundry room"), "مطبخ","Kitchen"), "-",", ")} -> Living room, Reception room | S3: =COUNTIF('الوحدات'!B:B, B3) -> 6 | T3: =COUNTIFS('الوحدات'!B:B, B3, 'الوحدات'!M:M, "متاحة") -> 3 | U3: =COUNTIFS('الوحدات'!B:B, B3, 'الوحدات'!M:M, "تحت الإنشاء") -> 0 | V3: =COUNTIFS('الوحدات'!B:B, B3, 'الوحدات'!M:M, "محجوزة") -> 0 | W3: =COUNTIFS('الوحدات'!B:B, B3, 'الوحدات'!M:M, "مباعة") -> 3 | X3: =IFERROR(AVERAGEIFS('الوحدات'!L:L, 'الوحدات'!B:B, B3), "") -> 856333.33 | Y3: =IFERROR( ROUND( AVERAGEIFS('الوحدات'!L:L, 'الوحدات'!B:B, B3, 'الوحدات'!M:M, "متاحة"), 2 ), "" ) -> 882666.67 | Z3: =IFERROR(SUMIFS('الوحدات'!L:L, 'الوحدات'!B:B, B3), "") -> 5138000 | AA3: =ROUND(AE3/Z3, 2) -> 0.48 | AB3: =IFERROR(SUMIFS('الوحدات'!L:L, 'الوحدات'!B:B, B3, 'الوحدات'!M:M, "تحت الإنشاء"), "") -> 0 | AC3: =IFERROR(SUMIFS('الوحدات'!L:L, 'الوحدات'!B:B, B3, 'الوحدات'!M:M, "متاحة"), "") -> 2648000 | AD3: =IFERROR(SUMIFS('الوحدات'!L:L, 'الوحدات'!B:B, B3, 'الوحدات'!M:M, "محجوزة"), "") -> 0 | AE3: =IFERROR(SUMIFS('الوحدات'!L:L, 'الوحدات'!B:B, B3, 'الوحدات'!M:M, "مباعة"), "") -> 2490000 | AF3: =IFERROR( ROUND( VALUE( SUBSTITUTE( SUBSTITUTE( MINIFS('الوحدات'!L:L,'الوحدات'!B:B,B3), ",",""), "٬","") ), 0 ), "" ) -> 750000 | AG3: =IFERROR(MINIFS('الوحدات'!L:L, 'الوحدات'!B:B, B3, 'الوحدات'!M:M, "متاحة"), "") -> 829000 | AH3: =IFERROR(MAXIFS('الوحدات'!L:L, 'الوحدات'!B:B, B3), "") -> 990000 | AI3: =IFERROR(MAXIFS('الوحدات'!L:L, 'الوحدات'!B:B, B3, 'الوحدات'!M:M, "متاحة"), "") -> 990000 | AJ3: =AH3&"-"&AF3 -> 990000-750000 | AK3: =AI3&"-"&AG3 -> 990000-829000 | AL3: =IFERROR(MINIFS('الوحدات'!K:K, 'الوحدات'!B:B, B3), "") -> 203 | AM3: =IFERROR(MINIFS('الوحدات'!K:K, 'الوحدات'!B:B, B3, 'الوحدات'!M:M, "متاحة"), "") -> 222 | AN3: =IFERROR(MAXIFS('الوحدات'!K:K, 'الوحدات'!B:B, B3), "") -> 259 | AO3: =IFERROR(MAXIFS('الوحدات'!K:K, 'الوحدات'!B:B, B3, 'الوحدات'!M:M, "متاحة"), "") -> 259 | AP3: =AN3&"-"&AL3 -> 259-203 | AQ3: =AO3&"-"&AM3 -> 259-222 | AR3: =IFERROR(MINIFS('الوحدات'!N:N, 'الوحدات'!B:B, B3), "") -> 0 | AS3: =IFERROR(MINIFS('الوحدات'!N:N, 'الوحدات'!B:B, B3, 'الوحدات'!M:M, "متاحة"), "") -> 0 | AT3: =IFERROR(MAXIFS('الوحدات'!N:N, 'الوحدات'!B:B, B3), "") -> 0 | AU3: =IFERROR(MAXIFS('الوحدات'!N:N, 'الوحدات'!B:B, B3, 'الوحدات'!M:M, "متاحة"), "") -> 0 | AV3: =AT3&"-"&AR3 -> 0-0 | AW3: =AU3&"-"&AS3 -> 0-0 | AX3: =IFERROR(MINIFS('الوحدات'!O:O, 'الوحدات'!B:B, B3), "") -> 0 | AY3: =IFERROR(MINIFS('الوحدات'!O:O, 'الوحدات'!B:B, B3, 'الوحدات'!M:M, "متاحة"), "") -> 0 | AZ3: =IFERROR(MAXIFS('الوحدات'!O:O, 'الوحدات'!B:B, B3), "") -> 0 | BA3: =IFERROR(MAXIFS('الوحدات'!O:O, 'الوحدات'!B:B, B3, 'الوحدات'!M:M, "متاحة"), "") -> 0 | BB3: =AZ3&"-"&AX3 -> 0-0 | BC3: =BA3&"-"&AY3 -> 0-0
A4: 3 | B4: SAH | C4: سهم | E4: سهم الروضة | F4: {=SWITCH( XLOOKUP(B4, 'المشاريع'!B:B, 'المشاريع'!F:F), "متاح","Available", "غير متاح","Not Available", "مباع","Fully Sold", "تحت الإنشاء","Under Construction", "تحت الإنشاء جزئيا","Partly Under Construction", "مفاوضات","Negotiations" )} -> Available | G4: {=SWITCH( XLOOKUP(B4, 'المشاريع'!B:B, 'المشاريع'!G:G), "سكني","Residential", "تجاري","Commercial" )} -> Residential | H4: {=SUBSTITUTE( SUBSTITUTE( SUBSTITUTE( SUBSTITUTE( SUBSTITUTE( XLOOKUP(B4,'المشاريع'!B:B,'المشاريع'!H:H), "شقة","Apartment"), "دور","Floor"), "فيلا","Villa"), "تاون هاوس","Town House"), "-",", ")} -> Floor, Apartment | J4: https://maps.app.goo.gl/oLz5KTAHqTimZF2T9 | K4: {=SUBSTITUTE( SUBSTITUTE( SUBSTITUTE( SUBSTITUTE( XLOOKUP(B4, 'المشاريع'!B:B, 'المشاريع'!K:K), "شمال","North"), "شرق","East"), "جنوب","South"), "غرب","West")} -> East | L4: المملكة العربية السعودية | M4: الرياض | N4: الروضة | O4: رداح - ادوار حي الروضة | R4: {=SUBSTITUTE( SUBSTITUTE( SUBSTITUTE( SUBSTITUTE( SUBSTITUTE( SUBSTITUTE( SUBSTITUTE( SUBSTITUTE( SUBSTITUTE( SUBSTITUTE( SUBSTITUTE( XLOOKUP(B4,'المشاريع'!B:B,'المشاريع'!R:R),"صالة جلوس","Living room"), "مجلس","Reception room"), "غرفة سائق","Driver room"), "صالة طعام","Dining room"), "غرفة خادمة","Maid room"), "بلكونة","Balcony"), "فناء خارجي","Outdoor courtyard"), "غرفة خدمات","Utility room"), "غرفة غسيل","Laundry room"), "مطبخ","Kitchen"), "-",", ")} -> Living room, Reception room | S4: =COUNTIF('الوحدات'!B:B, B4) -> 6 | T4: =COUNTIFS('الوحدات'!B:B, B4, 'الوحدات'!M:M, "متاحة") -> 4 | U4: =COUNTIFS('الوحدات'!B:B, B4, 'الوحدات'!M:M, "تحت الإنشاء") -> 0 | V4: =COUNTIFS('الوحدات'!B:B, B4, 'الوحدات'!M:M, "محجوزة") -> 1 | W4: =COUNTIFS('الوحدات'!B:B, B4, 'الوحدات'!M:M, "مباعة") -> 1 | X4: =IFERROR(AVERAGEIFS('الوحدات'!L:L, 'الوحدات'!B:B, B4), "") -> 1420000 | Y4: =IFERROR( ROUND( AVERAGEIFS('الوحدات'!L:L, 'الوحدات'!B:B, B4, 'الوحدات'!M:M, "متاحة"), 2 ), "" ) -> 1372500 | Z4: =IFERROR(SUMIFS('الوحدات'!L:L, 'الوحدات'!B:B, B4), "") -> 8520000 | AA4: =ROUND(AE4/Z4, 2) -> 0.19 | AB4: =IFERROR(SUMIFS('الوحدات'!L:L, 'الوحدات'!B:B, B4, 'الوحدات'!M:M, "تحت الإنشاء"), "") -> 0 | AC4: =IFERROR(SUMIFS('الوحدات'!L:L, 'الوحدات'!B:B, B4, 'الوحدات'!M:M, "متاحة"), "") -> 5490000 | AD4: =IFERROR(SUMIFS('الوحدات'!L:L, 'الوحدات'!B:B, B4, 'الوحدات'!M:M, "محجوزة"), "") -> 1390000 | AE4: =IFERROR(SUMIFS('الوحدات'!L:L, 'الوحدات'!B:B, B4, 'الوحدات'!M:M, "مباعة"), "") -> 1640000 | AF4: =IFERROR( ROUND( VALUE( SUBSTITUTE( SUBSTITUTE( MINIFS('الوحدات'!L:L,'الوحدات'!B:B,B4), ",",""), "٬","") ), 0 ), "" ) -> 1230000 | AG4: =IFERROR(MINIFS('الوحدات'!L:L, 'الوحدات'!B:B, B4, 'الوحدات'!M:M, "متاحة"), "") -> 1230000 | AH4: =IFERROR(MAXIFS('الوحدات'!L:L, 'الوحدات'!B:B, B4), "") -> 1640000 | AI4: =IFERROR(MAXIFS('الوحدات'!L:L, 'الوحدات'!B:B, B4, 'الوحدات'!M:M, "متاحة"), "") -> 1640000 | AJ4: =AH4&"-"&AF4 -> 1640000-1230000 | AK4: =AI4&"-"&AG4 -> 1640000-1230000 | AL4: =IFERROR(MINIFS('الوحدات'!K:K, 'الوحدات'!B:B, B4), "") -> 142 | AM4: =IFERROR(MINIFS('الوحدات'!K:K, 'الوحدات'!B:B, B4, 'الوحدات'!M:M, "متاحة"), "") -> 142 | AN4: =IFERROR(MAXIFS('الوحدات'!K:K, 'الوحدات'!B:B, B4), "") -> 214 | AO4: =IFERROR(MAXIFS('الوحدات'!K:K, 'الوحدات'!B:B, B4, 'الوحدات'!M:M, "متاحة"), "") -> 214 | AP4: =AN4&"-"&AL4 -> 214-142 | AQ4: =AO4&"-"&AM4 -> 214-142 | AR4: =IFERROR(MINIFS('الوحدات'!N:N, 'الوحدات'!B:B, B4), "") -> 3 | AS4: =IFERROR(MINIFS('الوحدات'!N:N, 'الوحدات'!B:B, B4, 'الوحدات'!M:M, "متاحة"), "") -> 3 | AT4: =IFERROR(MAXIFS('الوحدات'!N:N, 'الوحدات'!B:B, B4), "") -> 4 | AU4: =IFERROR(MAXIFS('الوحدات'!N:N, 'الوحدات'!B:B, B4, 'الوحدات'!M:M, "متاحة"), "") -> 4 | AV4: =AT4&"-"&AR4 -> 4-3 | AW4: =AU4&"-"&AS4 -> 4-3 | AX4: =IFERROR(MINIFS('الوحدات'!O:O, 'الوحدات'!B:B, B4), "") -> 3 | AY4: =IFERROR(MINIFS('الوحدات'!O:O, 'الوحدات'!B:B, B4, 'الوحدات'!M:M, "متاحة"), "") -> 3 | AZ4: =IFERROR(MAXIFS('الوحدات'!O:O, 'الوحدات'!B:B, B4), "") -> 5 | BA4: =IFERROR(MAXIFS('الوحدات'!O:O, 'الوحدات'!B:B, B4, 'الوحدات'!M:M, "متاحة"), "") -> 5 | BB4: =AZ4&"-"&AX4 -> 5-3 | BC4: =BA4&"-"&AY4 -> 5-3
A5: 4 | B5: DUR | C5: درة الصفاء | E5: درة الصفاء | F5: {=SWITCH( XLOOKUP(B5, 'المشاريع'!B:B, 'المشاريع'!F:F), "متاح","Available", "غير متاح","Not Available", "مباع","Fully Sold", "تحت الإنشاء","Under Construction", "تحت الإنشاء جزئيا","Partly Under Construction", "مفاوضات","Negotiations" )} -> Available | G5: {=SWITCH( XLOOKUP(B5, 'المشاريع'!B:B, 'المشاريع'!G:G), "سكني","Residential", "تجاري","Commercial" )} -> Residential | H5: {=SUBSTITUTE( SUBSTITUTE( SUBSTITUTE( SUBSTITUTE( SUBSTITUTE( XLOOKUP(B5,'المشاريع'!B:B,'المشاريع'!H:H), "شقة","Apartment"), "دور","Floor"), "فيلا","Villa"), "تاون هاوس","Town House"), "-",", ")} -> Villa | J5: https://maps.app.goo.gl/qsJppfPit9RN8sY98 | K5: {=SUBSTITUTE( SUBSTITUTE( SUBSTITUTE( SUBSTITUTE( XLOOKUP(B5, 'المشاريع'!B:B, 'المشاريع'!K:K), "شمال","North"), "شرق","East"), "جنوب","South"), "غرب","West")} -> East | L5: المملكة العربية السعودية | M5: الرياض | N5: الصفاء | O5: رداح - درة الصفاء | R5: {=SUBSTITUTE( SUBSTITUTE( SUBSTITUTE( SUBSTITUTE( SUBSTITUTE( SUBSTITUTE( SUBSTITUTE( SUBSTITUTE( SUBSTITUTE( SUBSTITUTE( SUBSTITUTE( XLOOKUP(B5,'المشاريع'!B:B,'المشاريع'!R:R),"صالة جلوس","Living room"), "مجلس","Reception room"), "غرفة سائق","Driver room"), "صالة طعام","Dining room"), "غرفة خادمة","Maid room"), "بلكونة","Balcony"), "فناء خارجي","Outdoor courtyard"), "غرفة خدمات","Utility room"), "غرفة غسيل","Laundry room"), "مطبخ","Kitchen"), "-",", ")} -> Living room, Reception room | S5: =COUNTIF('الوحدات'!B:B, B5) -> 12 | T5: =COUNTIFS('الوحدات'!B:B, B5, 'الوحدات'!M:M, "متاحة") -> 5 | U5: =COUNTIFS('الوحدات'!B:B, B5, 'الوحدات'!M:M, "تحت الإنشاء") -> 0 | V5: =COUNTIFS('الوحدات'!B:B, B5, 'الوحدات'!M:M, "محجوزة") -> 4 | W5: =COUNTIFS('الوحدات'!B:B, B5, 'الوحدات'!M:M, "مباعة") -> 3 | X5: =IFERROR(AVERAGEIFS('الوحدات'!L:L, 'الوحدات'!B:B, B5), "") -> 1693333.3 | Y5: =IFERROR( ROUND( AVERAGEIFS('الوحدات'!L:L, 'الوحدات'!B:B, B5, 'الوحدات'!M:M, "متاحة"), 2 ), "" ) -> 1664000 | Z5: =IFERROR(SUMIFS('الوحدات'!L:L, 'الوحدات'!B:B, B5), "") -> 20320000 | AA5: =ROUND(AE5/Z5, 2) -> 0.25 | AB5: =IFERROR(SUMIFS('الوحدات'!L:L, 'الوحدات'!B:B, B5, 'الوحدات'!M:M, "تحت الإنشاء"), "") -> 0 | AC5: =IFERROR(SUMIFS('الوحدات'!L:L, 'الوحدات'!B:B, B5, 'الوحدات'!M:M, "متاحة"), "") -> 8320000 | AD5: =IFERROR(SUMIFS('الوحدات'!L:L, 'الوحدات'!B:B, B5, 'الوحدات'!M:M, "محجوزة"), "") -> 6890000 | AE5: =IFERROR(SUMIFS('الوحدات'!L:L, 'الوحدات'!B:B, B5, 'الوحدات'!M:M, "مباعة"), "") -> 5110000 | AF5: =IFERROR( ROUND( VALUE( SUBSTITUTE( SUBSTITUTE( MINIFS('الوحدات'!L:L,'الوحدات'!B:B,B5), ",",""), "٬","") ), 0 ), "" ) -> 1580000 | AG5: =IFERROR(MINIFS('الوحدات'!L:L, 'الوحدات'!B:B, B5, 'الوحدات'!M:M, "متاحة"), "") -> 1610000 | AH5: =IFERROR(MAXIFS('الوحدات'!L:L, 'الوحدات'!B:B, B5), "") -> 1890000 | AI5: =IFERROR(MAXIFS('الوحدات'!L:L, 'الوحدات'!B:B, B5, 'الوحدات'!M:M, "متاحة"), "") -> 1880000 | AJ5: =AH5&"-"&AF5 -> 1890000-1580000 | AK5: =AI5&"-"&AG5 -> 1880000-1610000 | AL5: =IFERROR(MINIFS('الوحدات'!K:K, 'الوحدات'!B:B, B5), "") -> 249 | AM5: =IFERROR(MINIFS('الوحدات'!K:K, 'الوحدات'!B:B, B5, 'الوحدات'!M:M, "متاحة"), "") -> 249 | AN5: =IFERROR(MAXIFS('الوحدات'!K:K, 'الوحدات'!B:B, B5), "") -> 282 | AO5: =IFERROR(MAXIFS('الوحدات'!K:K, 'الوحدات'!B:B, B5, 'الوحدات'!M:M, "متاحة"), "") -> 282 | AP5: =AN5&"-"&AL5 -> 282-249 | AQ5: =AO5&"-"&AM5 -> 282-249 | AR5: =IFERROR(MINIFS('الوحدات'!N:N, 'الوحدات'!B:B, B5), "") -> 4 | AS5: =IFERROR(MINIFS('الوحدات'!N:N, 'الوحدات'!B:B, B5, 'الوحدات'!M:M, "متاحة"), "") -> 4 | AT5: =IFERROR(MAXIFS('الوحدات'!N:N, 'الوحدات'!B:B, B5), "") -> 4 | AU5: =IFERROR(MAXIFS('الوحدات'!N:N, 'الوحدات'!B:B, B5, 'الوحدات'!M:M, "متاحة"), "") -> 4 | AV5: =AT5&"-"&AR5 -> 4-4 | AW5: =AU5&"-"&AS5 -> 4-4 | AX5: =IFERROR(MINIFS('الوحدات'!O:O, 'الوحدات'!B:B, B5), "") -> 5 | AY5: =IFERROR(MINIFS('الوحدات'!O:O, 'الوحدات'!B:B, B5, 'الوحدات'!M:M, "متاحة"), "") -> 5 | AZ5: =IFERROR(MAXIFS('الوحدات'!O:O, 'الوحدات'!B:B, B5), "") -> 5 | BA5: =IFERROR(MAXIFS('الوحدات'!O:O, 'الوحدات'!B:B, B5, 'الوحدات'!M:M, "متاحة"), "") -> 5 | BB5: =AZ5&"-"&AX5 -> 5-5 | BC5: =BA5&"-"&AY5 -> 5-5
A6: 5 | B6: SAL | C6: السلام ريزدنس | E6: السلام ريزدنس | F6: {=SWITCH( XLOOKUP(B6, 'المشاريع'!B:B, 'المشاريع'!F:F), "متاح","Available", "غير متاح","Not Available", "مباع","Fully Sold", "تحت الإنشاء","Under Construction", "تحت الإنشاء جزئيا","Partly Under Construction", "مفاوضات","Negotiations" )} -> Available | G6: {=SWITCH( XLOOKUP(B6, 'المشاريع'!B:B, 'المشاريع'!G:G), "سكني","Residential", "تجاري","Commercial" )} -> Residential | H6: {=SUBSTITUTE( SUBSTITUTE( SUBSTITUTE( SUBSTITUTE( SUBSTITUTE( XLOOKUP(B6,'المشاريع'!B:B,'المشاريع'!H:H), "شقة","Apartment"), "دور","Floor"), "فيلا","Villa"), "تاون هاوس","Town House"), "-",", ")} -> Apartment | J6: https://maps.app.goo.gl/CMxaMUfvXSi6TrNt5 | K6: {=SUBSTITUTE( SUBSTITUTE( SUBSTITUTE( SUBSTITUTE( XLOOKUP(B6, 'المشاريع'!B:B, 'المشاريع'!K:K), "شمال","North"), "شرق","East"), "جنوب","South"), "غرب","West")} -> East | L6: المملكة العربية السعودية | M6: الرياض | N6: السلام | O6: رداح - السلام ريزيدنس | R6: {=SUBSTITUTE( SUBSTITUTE( SUBSTITUTE( SUBSTITUTE( SUBSTITUTE( SUBSTITUTE( SUBSTITUTE( SUBSTITUTE( SUBSTITUTE( SUBSTITUTE( SUBSTITUTE( XLOOKUP(B6,'المشاريع'!B:B,'المشاريع'!R:R),"صالة جلوس","Living room"), "مجلس","Reception room"), "غرفة سائق","Driver room"), "صالة طعام","Dining room"), "غرفة خادمة","Maid room"), "بلكونة","Balcony"), "فناء خارجي","Outdoor courtyard"), "غرفة خدمات","Utility room"), "غرفة غسيل","Laundry room"), "مطبخ","Kitchen"), "-",", ")} -> Living room, Reception room | S6: =COUNTIF('الوحدات'!B:B, B6) -> 13 | T6: =COUNTIFS('الوحدات'!B:B, B6, 'الوحدات'!M:M, "متاحة") -> 6 | U6: =COUNTIFS('الوحدات'!B:B, B6, 'الوحدات'!M:M, "تحت الإنشاء") -> 0 | V6: =COUNTIFS('الوحدات'!B:B, B6, 'الوحدات'!M:M, "محجوزة") -> 0 | W6: =COUNTIFS('الوحدات'!B:B, B6, 'الوحدات'!M:M, "مباعة") -> 7 | X6: =IFERROR(AVERAGEIFS('الوحدات'!L:L, 'الوحدات'!B:B, B6), "") -> 983538.46 | Y6: =IFERROR( ROUND( AVERAGEIFS('الوحدات'!L:L, 'الوحدات'!B:B, B6, 'الوحدات'!M:M, "متاحة"), 2 ), "" ) -> 1050000 | Z6: =IFERROR(SUMIFS('الوحدات'!L:L, 'الوحدات'!B:B, B6), "") -> 12786000 | AA6: =ROUND(AE6/Z6, 2) -> 0.51 | AB6: =IFERROR(SUMIFS('الوحدات'!L:L, 'الوحدات'!B:B, B6, 'الوحدات'!M:M, "تحت الإنشاء"), "") -> 0 | AC6: =IFERROR(SUMIFS('الوحدات'!L:L, 'الوحدات'!B:B, B6, 'الوحدات'!M:M, "متاحة"), "") -> 6300000 | AD6: =IFERROR(SUMIFS('الوحدات'!L:L, 'الوحدات'!B:B, B6, 'الوحدات'!M:M, "محجوزة"), "") -> 0 | AE6: =IFERROR(SUMIFS('الوحدات'!L:L, 'الوحدات'!B:B, B6, 'الوحدات'!M:M, "مباعة"), "") -> 6486000 | AF6: =IFERROR( ROUND( VALUE( SUBSTITUTE( SUBSTITUTE( MINIFS('الوحدات'!L:L,'الوحدات'!B:B,B6), ",",""), "٬","") ), 0 ), "" ) -> 830000 | AG6: =IFERROR(MINIFS('الوحدات'!L:L, 'الوحدات'!B:B, B6, 'الوحدات'!M:M, "متاحة"), "") -> 830000 | AH6: =IFERROR(MAXIFS('الوحدات'!L:L, 'الوحدات'!B:B, B6), "") -> 1330000 | AI6: =IFERROR(MAXIFS('الوحدات'!L:L, 'الوحدات'!B:B, B6, 'الوحدات'!M:M, "متاحة"), "") -> 1330000 | AJ6: =AH6&"-"&AF6 -> 1330000-830000 | AK6: =AI6&"-"&AG6 -> 1330000-830000 | AL6: =IFERROR(MINIFS('الوحدات'!K:K, 'الوحدات'!B:B, B6), "") -> 143 | AM6: =IFERROR(MINIFS('الوحدات'!K:K, 'الوحدات'!B:B, B6, 'الوحدات'!M:M, "متاحة"), "") -> 143 | AN6: =IFERROR(MAXIFS('الوحدات'!K:K, 'الوحدات'!B:B, B6), "") -> 281 | AO6: =IFERROR(MAXIFS('الوحدات'!K:K, 'الوحدات'!B:B, B6, 'الوحدات'!M:M, "متاحة"), "") -> 251 | AP6: =AN6&"-"&AL6 -> 281-143 | AQ6: =AO6&"-"&AM6 -> 251-143 | AR6: =IFERROR(MINIFS('الوحدات'!N:N, 'الوحدات'!B:B, B6), "") -> 3 | AS6: =IFERROR(MINIFS('الوحدات'!N:N, 'الوحدات'!B:B, B6, 'الوحدات'!M:M, "متاحة"), "") -> 3 | AT6: =IFERROR(MAXIFS('الوحدات'!N:N, 'الوحدات'!B:B, B6), "") -> 3 | AU6: =IFERROR(MAXIFS('الوحدات'!N:N, 'الوحدات'!B:B, B6, 'الوحدات'!M:M, "متاحة"), "") -> 3 | AV6: =AT6&"-"&AR6 -> 3-3 | AW6: =AU6&"-"&AS6 -> 3-3 | AX6: =IFERROR(MINIFS('الوحدات'!O:O, 'الوحدات'!B:B, B6), "") -> 4 | AY6: =IFERROR(MINIFS('الوحدات'!O:O, 'الوحدات'!B:B, B6, 'الوحدات'!M:M, "متاحة"), "") -> 4 | AZ6: =IFERROR(MAXIFS('الوحدات'!O:O, 'الوحدات'!B:B, B6), "") -> 4 | BA6: =IFERROR(MAXIFS('الوحدات'!O:O, 'الوحدات'!B:B, B6, 'الوحدات'!M:M, "متاحة"), "") -> 4 | BB6: =AZ6&"-"&AX6 -> 4-4 | BC6: =BA6&"-"&AY6 -> 4-4
A7: 6 | B7: MAJ79 | C7: المجالات | D7: 79 | E7: المجالات - 79 | F7: {=SWITCH( XLOOKUP(B7, 'المشاريع'!B:B, 'المشاريع'!F:F), "متاح","Available", "غير متاح","Not Available", "مباع","Fully Sold", "تحت الإنشاء","Under Construction", "تحت الإنشاء جزئيا","Partly Under Construction", "مفاوضات","Negotiations" )} -> Available | G7: {=SWITCH( XLOOKUP(B7, 'المشاريع'!B:B, 'المشاريع'!G:G), "سكني","Residential", "تجاري","Commercial" )} -> Residential | H7: {=SUBSTITUTE( SUBSTITUTE( SUBSTITUTE( SUBSTITUTE( SUBSTITUTE( XLOOKUP(B7,'المشاريع'!B:B,'المشاريع'!H:H), "شقة","Apartment"), "دور","Floor"), "فيلا","Villa"), "تاون هاوس","Town House"), "-",", ")} -> Villa, Floor | J7: https://maps.app.goo.gl/irPzaUaLrvcgyAu49 | K7: {=SUBSTITUTE( SUBSTITUTE( SUBSTITUTE( SUBSTITUTE( XLOOKUP(B7, 'المشاريع'!B:B, 'المشاريع'!K:K), "شمال","North"), "شرق","East"), "جنوب","South"), "غرب","West")} -> North | L7: المملكة العربية السعودية | M7: الرياض | N7: الصحافة | R7: {=SUBSTITUTE( SUBSTITUTE( SUBSTITUTE( SUBSTITUTE( SUBSTITUTE( SUBSTITUTE( SUBSTITUTE( SUBSTITUTE( SUBSTITUTE( SUBSTITUTE( SUBSTITUTE( XLOOKUP(B7,'المشاريع'!B:B,'المشاريع'!R:R),"صالة جلوس","Living room"), "مجلس","Reception room"), "غرفة سائق","Driver room"), "صالة طعام","Dining room"), "غرفة خادمة","Maid room"), "بلكونة","Balcony"), "فناء خارجي","Outdoor courtyard"), "غرفة خدمات","Utility room"), "غرفة غسيل","Laundry room"), "مطبخ","Kitchen"), "-",", ")} -> Living room, Reception room, Driver room | S7: =COUNTIF('الوحدات'!B:B, B7) -> 5 | T7: =COUNTIFS('الوحدات'!B:B, B7, 'الوحدات'!M:M, "متاحة") -> 5 | U7: =COUNTIFS('الوحدات'!B:B, B7, 'الوحدات'!M:M, "تحت الإنشاء") -> 0 | V7: =COUNTIFS('الوحدات'!B:B, B7, 'الوحدات'!M:M, "محجوزة") -> 0 | W7: =COUNTIFS('الوحدات'!B:B, B7, 'الوحدات'!M:M, "مباعة") -> 0 | X7: =IFERROR(AVERAGEIFS('الوحدات'!L:L, 'الوحدات'!B:B, B7), "") -> 2690000 | Y7: =IFERROR( ROUND( AVERAGEIFS('الوحدات'!L:L, 'الوحدات'!B:B, B7, 'الوحدات'!M:M, "متاحة"), 2 ), "" ) -> 2690000 | Z7: =IFERROR(SUMIFS('الوحدات'!L:L, 'الوحدات'!B:B, B7), "") -> 13450000 | AA7: =ROUND(AE7/Z7, 2) -> 0 | AB7: =IFERROR(SUMIFS('الوحدات'!L:L, 'الوحدات'!B:B, B7, 'الوحدات'!M:M, "تحت الإنشاء"), "") -> 0 | AC7: =IFERROR(SUMIFS('الوحدات'!L:L, 'الوحدات'!B:B, B7, 'الوحدات'!M:M, "متاحة"), "") -> 13450000 | AD7: =IFERROR(SUMIFS('الوحدات'!L:L, 'الوحدات'!B:B, B7, 'الوحدات'!M:M, "محجوزة"), "") -> 0 | AE7: =IFERROR(SUMIFS('الوحدات'!L:L, 'الوحدات'!B:B, B7, 'الوحدات'!M:M, "مباعة"), "") -> 0 | AF7: =IFERROR( ROUND( VALUE( SUBSTITUTE( SUBSTITUTE( MINIFS('الوحدات'!L:L,'الوحدات'!B:B,B7), ",",""), "٬","") ), 0 ), "" ) -> 1750000 | AG7: =IFERROR(MINIFS('الوحدات'!L:L, 'الوحدات'!B:B, B7, 'الوحدات'!M:M, "متاحة"), "") -> 1750000 | AH7: =IFERROR(MAXIFS('الوحدات'!L:L, 'الوحدات'!B:B, B7), "") -> 3900000 | AI7: =IFERROR(MAXIFS('الوحدات'!L:L, 'الوحدات'!B:B, B7, 'الوحدات'!M:M, "متاحة"), "") -> 3900000 | AJ7: =AH7&"-"&AF7 -> 3900000-1750000 | AK7: =AI7&"-"&AG7 -> 3900000-1750000 | AL7: =IFERROR(MINIFS('الوحدات'!K:K, 'الوحدات'!B:B, B7), "") -> 158 | AM7: =IFERROR(MINIFS('الوحدات'!K:K, 'الوحدات'!B:B, B7, 'الوحدات'!M:M, "متاحة"), "") -> 158 | AN7: =IFERROR(MAXIFS('الوحدات'!K:K, 'الوحدات'!B:B, B7), "") -> 258 | AO7: =IFERROR(MAXIFS('الوحدات'!K:K, 'الوحدات'!B:B, B7, 'الوحدات'!M:M, "متاحة"), "") -> 258 | AP7: =AN7&"-"&AL7 -> 258-158 | AQ7: =AO7&"-"&AM7 -> 258-158 | AR7: =IFERROR(MINIFS('الوحدات'!N:N, 'الوحدات'!B:B, B7), "") -> 3 | AS7: =IFERROR(MINIFS('الوحدات'!N:N, 'الوحدات'!B:B, B7, 'الوحدات'!M:M, "متاحة"), "") -> 3 | AT7: =IFERROR(MAXIFS('الوحدات'!N:N, 'الوحدات'!B:B, B7), "") -> 4 | AU7: =IFERROR(MAXIFS('الوحدات'!N:N, 'الوحدات'!B:B, B7, 'الوحدات'!M:M, "متاحة"), "") -> 4 | AV7: =AT7&"-"&AR7 -> 4-3 | AW7: =AU7&"-"&AS7 -> 4-3 | AX7: =IFERROR(MINIFS('الوحدات'!O:O, 'الوحدات'!B:B, B7), "") -> 3 | AY7: =IFERROR(MINIFS('الوحدات'!O:O, 'الوحدات'!B:B, B7, 'الوحدات'!M:M, "متاحة"), "") -> 3 | AZ7: =IFERROR(MAXIFS('الوحدات'!O:O, 'الوحدات'!B:B, B7), "") -> 6 | BA7: =IFERROR(MAXIFS('الوحدات'!O:O, 'الوحدات'!B:B, B7, 'الوحدات'!M:M, "متاحة"), "") -> 6 | BB7: =AZ7&"-"&AX7 -> 6-3 | BC7: =BA7&"-"&AY7 -> 6-3
A8: 7 | B8: ALN106 | C8: ألين | D8: 106 | E8: ألين - 106 | F8: {=SWITCH( XLOOKUP(B8, 'المشاريع'!B:B, 'المشاريع'!F:F), "متاح","Available", "غير متاح","Not Available", "مباع","Fully Sold", "تحت الإنشاء","Under Construction", "تحت الإنشاء جزئيا","Partly Under Construction", "مفاوضات","Negotiations" )} -> Under Construction | G8: {=SWITCH( XLOOKUP(B8, 'المشاريع'!B:B, 'المشاريع'!G:G), "سكني","Residential", "تجاري","Commercial" )} -> Residential | H8: {=SUBSTITUTE( SUBSTITUTE( SUBSTITUTE( SUBSTITUTE( SUBSTITUTE( XLOOKUP(B8,'المشاريع'!B:B,'المشاريع'!H:H), "شقة","Apartment"), "دور","Floor"), "فيلا","Villa"), "تاون هاوس","Town House"), "-",", ")} -> Floor | J8: https://maps.app.goo.gl/y4PPVtti2qfr3m8z9 | K8: {=SUBSTITUTE( SUBSTITUTE( SUBSTITUTE( SUBSTITUTE( XLOOKUP(B8, 'المشاريع'!B:B, 'المشاريع'!K:K), "شمال","North"), "شرق","East"), "جنوب","South"), "غرب","West")} -> East | M8: الرياض | N8: الروضة | O8: رداح - ألين - الروضة 106 | R8: {=SUBSTITUTE( SUBSTITUTE( SUBSTITUTE( SUBSTITUTE( SUBSTITUTE( SUBSTITUTE( SUBSTITUTE( SUBSTITUTE( SUBSTITUTE( SUBSTITUTE( SUBSTITUTE( XLOOKUP(B8,'المشاريع'!B:B,'المشاريع'!R:R),"صالة جلوس","Living room"), "مجلس","Reception room"), "غرفة سائق","Driver room"), "صالة طعام","Dining room"), "غرفة خادمة","Maid room"), "بلكونة","Balcony"), "فناء خارجي","Outdoor courtyard"), "غرفة خدمات","Utility room"), "غرفة غسيل","Laundry room"), "مطبخ","Kitchen"), "-",", ")} -> Reception room, Dining room, Maid room, Balcony | S8: =COUNTIF('الوحدات'!B:B, B8) -> 2 | T8: =COUNTIFS('الوحدات'!B:B, B8, 'الوحدات'!M:M, "متاحة") -> 0 | U8: =COUNTIFS('الوحدات'!B:B, B8, 'الوحدات'!M:M, "تحت الإنشاء") -> 2 | V8: =COUNTIFS('الوحدات'!B:B, B8, 'الوحدات'!M:M, "محجوزة") -> 0 | W8: =COUNTIFS('الوحدات'!B:B, B8, 'الوحدات'!M:M, "مباعة") -> 0 | X8: =IFERROR(AVERAGEIFS('الوحدات'!L:L, 'الوحدات'!B:B, B8), "") -> 1424000 | Y8: =IFERROR( ROUND( AVERAGEIFS('الوحدات'!L:L, 'الوحدات'!B:B, B8, 'الوحدات'!M:M, "متاحة"), 2 ), "" ) | Z8: =IFERROR(SUMIFS('الوحدات'!L:L, 'الوحدات'!B:B, B8), "") -> 2848000 | AA8: =ROUND(AE8/Z8, 2) -> 0 | AB8: =IFERROR(SUMIFS('الوحدات'!L:L, 'الوحدات'!B:B, B8, 'الوحدات'!M:M, "تحت الإنشاء"), "") -> 2848000 | AC8: =IFERROR(SUMIFS('الوحدات'!L:L, 'الوحدات'!B:B, B8, 'الوحدات'!M:M, "متاحة"), "") -> 0 | AD8: =IFERROR(SUMIFS('الوحدات'!L:L, 'الوحدات'!B:B, B8, 'الوحدات'!M:M, "محجوزة"), "") -> 0 | AE8: =IFERROR(SUMIFS('الوحدات'!L:L, 'الوحدات'!B:B, B8, 'الوحدات'!M:M, "مباعة"), "") -> 0 | AF8: =IFERROR( ROUND( VALUE( SUBSTITUTE( SUBSTITUTE( MINIFS('الوحدات'!L:L,'الوحدات'!B:B,B8), ",",""), "٬","") ), 0 ), "" ) -> 1399000 | AG8: =IFERROR(MINIFS('الوحدات'!L:L, 'الوحدات'!B:B, B8, 'الوحدات'!M:M, "متاحة"), "") -> 0 | AH8: =IFERROR(MAXIFS('الوحدات'!L:L, 'الوحدات'!B:B, B8), "") -> 1449000 | AI8: =IFERROR(MAXIFS('الوحدات'!L:L, 'الوحدات'!B:B, B8, 'الوحدات'!M:M, "متاحة"), "") -> 0 | AJ8: =AH8&"-"&AF8 -> 1449000-1399000 | AK8: =AI8&"-"&AG8 -> 0-0 | AL8: =IFERROR(MINIFS('الوحدات'!K:K, 'الوحدات'!B:B, B8), "") -> 170 | AM8: =IFERROR(MINIFS('الوحدات'!K:K, 'الوحدات'!B:B, B8, 'الوحدات'!M:M, "متاحة"), "") -> 0 | AN8: =IFERROR(MAXIFS('الوحدات'!K:K, 'الوحدات'!B:B, B8), "") -> 170 | AO8: =IFERROR(MAXIFS('الوحدات'!K:K, 'الوحدات'!B:B, B8, 'الوحدات'!M:M, "متاحة"), "") -> 0 | AP8: =AN8&"-"&AL8 -> 170-170 | AQ8: =AO8&"-"&AM8 -> 0-0 | AR8: =IFERROR(MINIFS('الوحدات'!N:N, 'الوحدات'!B:B, B8), "") -> 3 | AS8: =IFERROR(MINIFS('الوحدات'!N:N, 'الوحدات'!B:B, B8, 'الوحدات'!M:M, "متاحة"), "") -> 0 | AT8: =IFERROR(MAXIFS('الوحدات'!N:N, 'الوحدات'!B:B, B8), "") -> 3 | AU8: =IFERROR(MAXIFS('الوحدات'!N:N, 'الوحدات'!B:B, B8, 'الوحدات'!M:M, "متاحة"), "") -> 0 | AV8: =AT8&"-"&AR8 -> 3-3 | AW8: =AU8&"-"&AS8 -> 0-0 | AX8: =IFERROR(MINIFS('الوحدات'!O:O, 'الوحدات'!B:B, B8), "") -> 4 | AY8: =IFERROR(MINIFS('الوحدات'!O:O, 'الوحدات'!B:B, B8, 'الوحدات'!M:M, "متاحة"), "") -> 0 | AZ8: =IFERROR(MAXIFS('الوحدات'!O:O, 'الوحدات'!B:B, B8), "") -> 4 | BA8: =IFERROR(MAXIFS('الوحدات'!O:O, 'الوحدات'!B:B, B8, 'الوحدات'!M:M, "متاحة"), "") -> 0 | BB8: =AZ8&"-"&AX8 -> 4-4 | BC8: =BA8&"-"&AY8 -> 0-0
A9: 8 | B9: ALN108 | C9: ألين | D9: 108 | E9: ألين - 108 | F9: {=SWITCH( XLOOKUP(B9, 'المشاريع'!B:B, 'المشاريع'!F:F), "متاح","Available", "غير متاح","Not Available", "مباع","Fully Sold", "تحت الإنشاء","Under Construction", "تحت الإنشاء جزئيا","Partly Under Construction", "مفاوضات","Negotiations" )} -> Under Construction | G9: {=SWITCH( XLOOKUP(B9, 'المشاريع'!B:B, 'المشاريع'!G:G), "سكني","Residential", "تجاري","Commercial" )} -> Residential | H9: {=SUBSTITUTE( SUBSTITUTE( SUBSTITUTE( SUBSTITUTE( SUBSTITUTE( XLOOKUP(B9,'المشاريع'!B:B,'المشاريع'!H:H), "شقة","Apartment"), "دور","Floor"), "فيلا","Villa"), "تاون هاوس","Town House"), "-",", ")} -> Floor | J9: https://maps.app.goo.gl/Zv5gYWbaA7QQA23C7 | K9: {=SUBSTITUTE( SUBSTITUTE( SUBSTITUTE( SUBSTITUTE( XLOOKUP(B9, 'المشاريع'!B:B, 'المشاريع'!K:K), "شمال","North"), "شرق","East"), "جنوب","South"), "غرب","West")} -> East | L9: المملكة العربية السعودية | M9: الرياض | N9: الملز | O9: رداح - ألين - الملز 108 | R9: {=SUBSTITUTE( SUBSTITUTE( SUBSTITUTE( SUBSTITUTE( SUBSTITUTE( SUBSTITUTE( SUBSTITUTE( SUBSTITUTE( SUBSTITUTE( SUBSTITUTE( SUBSTITUTE( XLOOKUP(B9,'المشاريع'!B:B,'المشاريع'!R:R),"صالة جلوس","Living room"), "مجلس","Reception room"), "غرفة سائق","Driver room"), "صالة طعام","Dining room"), "غرفة خادمة","Maid room"), "بلكونة","Balcony"), "فناء خارجي","Outdoor courtyard"), "غرفة خدمات","Utility room"), "غرفة غسيل","Laundry room"), "مطبخ","Kitchen"), "-",", ")} -> Reception room, Dining room, Maid room, Balcony, Outdoor courtyard, Utility room, Laundry room, Living room | S9: =COUNTIF('الوحدات'!B:B, B9) -> 6 | T9: =COUNTIFS('الوحدات'!B:B, B9, 'الوحدات'!M:M, "متاحة") -> 0 | U9: =COUNTIFS('الوحدات'!B:B, B9, 'الوحدات'!M:M, "تحت الإنشاء") -> 6 | V9: =COUNTIFS('الوحدات'!B:B, B9, 'الوحدات'!M:M, "محجوزة") -> 0 | W9: =COUNTIFS('الوحدات'!B:B, B9, 'الوحدات'!M:M, "مباعة") -> 0 | X9: =IFERROR(AVERAGEIFS('الوحدات'!L:L, 'الوحدات'!B:B, B9), "") -> 1532333.3 | Y9: =IFERROR( ROUND( AVERAGEIFS('الوحدات'!L:L, 'الوحدات'!B:B, B9, 'الوحدات'!M:M, "متاحة"), 2 ), "" ) | Z9: =IFERROR(SUMIFS('الوحدات'!L:L, 'الوحدات'!B:B, B9), "") -> 9194000 | AA9: =ROUND(AE9/Z9, 2) -> 0 | AB9: =IFERROR(SUMIFS('الوحدات'!L:L, 'الوحدات'!B:B, B9, 'الوحدات'!M:M, "تحت الإنشاء"), "") -> 9194000 | AC9: =IFERROR(SUMIFS('الوحدات'!L:L, 'الوحدات'!B:B, B9, 'الوحدات'!M:M, "متاحة"), "") -> 0 | AD9: =IFERROR(SUMIFS('الوحدات'!L:L, 'الوحدات'!B:B, B9, 'الوحدات'!M:M, "محجوزة"), "") -> 0 | AE9: =IFERROR(SUMIFS('الوحدات'!L:L, 'الوحدات'!B:B, B9, 'الوحدات'!M:M, "مباعة"), "") -> 0 | AF9: =IFERROR( ROUND( VALUE( SUBSTITUTE( SUBSTITUTE( MINIFS('الوحدات'!L:L,'الوحدات'!B:B,B9), ",",""), "٬","") ), 0 ), "" ) -> 1349000 | AG9: =IFERROR(MINIFS('الوحدات'!L:L, 'الوحدات'!B:B, B9, 'الوحدات'!M:M, "متاحة"), "") -> 0 | AH9: =IFERROR(MAXIFS('الوحدات'!L:L, 'الوحدات'!B:B, B9), "") -> 1699000 | AI9: =IFERROR(MAXIFS('الوحدات'!L:L, 'الوحدات'!B:B, B9, 'الوحدات'!M:M, "متاحة"), "") -> 0 | AJ9: =AH9&"-"&AF9 -> 1699000-1349000 | AK9: =AI9&"-"&AG9 -> 0-0 | AL9: =IFERROR(MINIFS('الوحدات'!K:K, 'الوحدات'!B:B, B9), "") -> 154 | AM9: =IFERROR(MINIFS('الوحدات'!K:K, 'الوحدات'!B:B, B9, 'الوحدات'!M:M, "متاحة"), "") -> 0 | AN9: =IFERROR(MAXIFS('الوحدات'!K:K, 'الوحدات'!B:B, B9), "") -> 179 | AO9: =IFERROR(MAXIFS('الوحدات'!K:K, 'الوحدات'!B:B, B9, 'الوحدات'!M:M, "متاحة"), "") -> 0 | AP9: =AN9&"-"&AL9 -> 179-154 | AQ9: =AO9&"-"&AM9 -> 0-0 | AR9: =IFERROR(MINIFS('الوحدات'!N:N, 'الوحدات'!B:B, B9), "") -> 3 | AS9: =IFERROR(MINIFS('الوحدات'!N:N, 'الوحدات'!B:B, B9, 'الوحدات'!M:M, "متاحة"), "") -> 0 | AT9: =IFERROR(MAXIFS('الوحدات'!N:N, 'الوحدات'!B:B, B9), "") -> 3 | AU9: =IFERROR(MAXIFS('الوحدات'!N:N, 'الوحدات'!B:B, B9, 'الوحدات'!M:M, "متاحة"), "") -> 0 | AV9: =AT9&"-"&AR9 -> 3-3 | AW9: =AU9&"-"&AS9 -> 0-0 | AX9: =IFERROR(MINIFS('الوحدات'!O:O, 'الوحدات'!B:B, B9), "") -> 3 | AY9: =IFERROR(MINIFS('الوحدات'!O:O, 'الوحدات'!B:B, B9, 'الوحدات'!M:M, "متاحة"), "") -> 0 | AZ9: =IFERROR(MAXIFS('الوحدات'!O:O, 'الوحدات'!B:B, B9), "") -> 5 | BA9: =IFERROR(MAXIFS('الوحدات'!O:O, 'الوحدات'!B:B, B9, 'الوحدات'!M:M, "متاحة"), "") -> 0 | BB9: =AZ9&"-"&AX9 -> 5-3 | BC9: =BA9&"-"&AY9 -> 0-0
A10: 9 | B10: ALN120 | C10: ألين | D10: 120 | E10: ألين - 120 | F10: {=SWITCH( XLOOKUP(B10, 'المشاريع'!B:B, 'المشاريع'!F:F), "متاح","Available", "غير متاح","Not Available", "مباع","Fully Sold", "تحت الإنشاء","Under Construction", "تحت الإنشاء جزئيا","Partly Under Construction", "مفاوضات","Negotiations" )} -> Under Construction | G10: {=SWITCH( XLOOKUP(B10, 'المشاريع'!B:B, 'المشاريع'!G:G), "سكني","Residential", "تجاري","Commercial" )} -> Residential | H10: {=SUBSTITUTE( SUBSTITUTE( SUBSTITUTE( SUBSTITUTE( SUBSTITUTE( XLOOKUP(B10,'المشاريع'!B:B,'المشاريع'!H:H), "شقة","Apartment"), "دور","Floor"), "فيلا","Villa"), "تاون هاوس","Town House"), "-",", ")} -> Apartment | J10: https://maps.app.goo.gl/v3gDHhxP3SsNPscp7 | K10: {=SUBSTITUTE( SUBSTITUTE( SUBSTITUTE( SUBSTITUTE( XLOOKUP(B10, 'المشاريع'!B:B, 'المشاريع'!K:K), "شمال","North"), "شرق","East"), "جنوب","South"), "غرب","West")} -> North | L10: المملكة العربية السعودية | M10: الرياض | N10: المحمدية | O10: رداح - ألين - المحمدية 120 | R10: {=SUBSTITUTE( SUBSTITUTE( SUBSTITUTE( SUBSTITUTE( SUBSTITUTE( SUBSTITUTE( SUBSTITUTE( SUBSTITUTE( SUBSTITUTE( SUBSTITUTE( SUBSTITUTE( XLOOKUP(B10,'المشاريع'!B:B,'المشاريع'!R:R),"صالة جلوس","Living room"), "مجلس","Reception room"), "غرفة سائق","Driver room"), "صالة طعام","Dining room"), "غرفة خادمة","Maid room"), "بلكونة","Balcony"), "فناء خارجي","Outdoor courtyard"), "غرفة خدمات","Utility room"), "غرفة غسيل","Laundry room"), "مطبخ","Kitchen"), "-",", ")} -> Utility room, Living room, Outdoor courtyard, Balcony | S10: =COUNTIF('الوحدات'!B:B, B10) -> 6 | T10: =COUNTIFS('الوحدات'!B:B, B10, 'الوحدات'!M:M, "متاحة") -> 0 | U10: =COUNTIFS('الوحدات'!B:B, B10, 'الوحدات'!M:M, "تحت الإنشاء") -> 6 | V10: =COUNTIFS('الوحدات'!B:B, B10, 'الوحدات'!M:M, "محجوزة") -> 0 | W10: =COUNTIFS('الوحدات'!B:B, B10, 'الوحدات'!M:M, "مباعة") -> 0 | X10: =IFERROR(AVERAGEIFS('الوحدات'!L:L, 'الوحدات'!B:B, B10), "") -> 1967333.3 | Y10: =IFERROR( ROUND( AVERAGEIFS('الوحدات'!L:L, 'الوحدات'!B:B, B10, 'الوحدات'!M:M, "متاحة"), 2 ), "" ) | Z10: =IFERROR(SUMIFS('الوحدات'!L:L, 'الوحدات'!B:B, B10), "") -> 11804000 | AA10: =ROUND(AE10/Z10, 2) -> 0 | AB10: =IFERROR(SUMIFS('الوحدات'!L:L, 'الوحدات'!B:B, B10, 'الوحدات'!M:M, "تحت الإنشاء"), "") -> 11804000 | AC10: =IFERROR(SUMIFS('الوحدات'!L:L, 'الوحدات'!B:B, B10, 'الوحدات'!M:M, "متاحة"), "") -> 0 | AD10: =IFERROR(SUMIFS('الوحدات'!L:L, 'الوحدات'!B:B, B10, 'الوحدات'!M:M, "محجوزة"), "") -> 0 | AE10: =IFERROR(SUMIFS('الوحدات'!L:L, 'الوحدات'!B:B, B10, 'الوحدات'!M:M, "مباعة"), "") -> 0 | AF10: =IFERROR( ROUND( VALUE( SUBSTITUTE( SUBSTITUTE( MINIFS('الوحدات'!L:L,'الوحدات'!B:B,B10), ",",""), "٬","") ), 0 ), "" ) -> 1799000 | AG10: =IFERROR(MINIFS('الوحدات'!L:L, 'الوحدات'!B:B, B10, 'الوحدات'!M:M, "متاحة"), "") -> 0 | AH10: =IFERROR(MAXIFS('الوحدات'!L:L, 'الوحدات'!B:B, B10), "") -> 2149000 | AI10: =IFERROR(MAXIFS('الوحدات'!L:L, 'الوحدات'!B:B, B10, 'الوحدات'!M:M, "متاحة"), "") -> 0 | AJ10: =AH10&"-"&AF10 -> 2149000-1799000 | AK10: =AI10&"-"&AG10 -> 0-0 | AL10: =IFERROR(MINIFS('الوحدات'!K:K, 'الوحدات'!B:B, B10), "") -> 136 | AM10: =IFERROR(MINIFS('الوحدات'!K:K, 'الوحدات'!B:B, B10, 'الوحدات'!M:M, "متاحة"), "") -> 0 | AN10: =IFERROR(MAXIFS('الوحدات'!K:K, 'الوحدات'!B:B, B10), "") -> 136 | AO10: =IFERROR(MAXIFS('الوحدات'!K:K, 'الوحدات'!B:B, B10, 'الوحدات'!M:M, "متاحة"), "") -> 0 | AP10: =AN10&"-"&AL10 -> 136-136 | AQ10: =AO10&"-"&AM10 -> 0-0 | AR10: =IFERROR(MINIFS('الوحدات'!N:N, 'الوحدات'!B:B, B10), "") -> 3 | AS10: =IFERROR(MINIFS('الوحدات'!N:N, 'الوحدات'!B:B, B10, 'الوحدات'!M:M, "متاحة"), "") -> 0 | AT10: =IFERROR(MAXIFS('الوحدات'!N:N, 'الوحدات'!B:B, B10), "") -> 3 | AU10: =IFERROR(MAXIFS('الوحدات'!N:N, 'الوحدات'!B:B, B10, 'الوحدات'!M:M, "متاحة"), "") -> 0 | AV10: =AT10&"-"&AR10 -> 3-3 | AW10: =AU10&"-"&AS10 -> 0-0 | AX10: =IFERROR(MINIFS('الوحدات'!O:O, 'الوحدات'!B:B, B10), "") -> 3 | AY10: =IFERROR(MINIFS('الوحدات'!O:O, 'الوحدات'!B:B, B10, 'الوحدات'!M:M, "متاحة"), "") -> 0 | AZ10: =IFERROR(MAXIFS('الوحدات'!O:O, 'الوحدات'!B:B, B10), "") -> 3 | BA10: =IFERROR(MAXIFS('الوحدات'!O:O, 'الوحدات'!B:B, B10, 'الوحدات'!M:M, "متاحة"), "") -> 0 | BB10: =AZ10&"-"&AX10 -> 3-3 | BC10: =BA10&"-"&AY10 -> 0-0
A11: 10 | B11: AIN21 | C11: ميسان | D11: 21 | E11: آين | F11: {=SWITCH( XLOOKUP(B11, 'المشاريع'!B:B, 'المشاريع'!F:F), "متاح","Available", "غير متاح","Not Available", "مباع","Fully Sold", "تحت الإنشاء","Under Construction", "تحت الإنشاء جزئيا","Partly Under Construction", "مفاوضات","Negotiations" )} -> Available | G11: {=SWITCH( XLOOKUP(B11, 'المشاريع'!B:B, 'المشاريع'!G:G), "سكني","Residential", "تجاري","Commercial" )} -> Residential | H11: {=SUBSTITUTE( SUBSTITUTE( SUBSTITUTE( SUBSTITUTE( SUBSTITUTE( XLOOKUP(B11,'المشاريع'!B:B,'المشاريع'!H:H), "شقة","Apartment"), "دور","Floor"), "فيلا","Villa"), "تاون هاوس","Town House"), "-",", ")} -> Floor | J11: https://goo.gl/maps/fbK93s6v1kVooZMVA | K11: {=SUBSTITUTE( SUBSTITUTE( SUBSTITUTE( SUBSTITUTE( XLOOKUP(B11, 'المشاريع'!B:B, 'المشاريع'!K:K), "شمال","North"), "شرق","East"), "جنوب","South"), "غرب","West")} -> North | L11: المملكة العربية السعودية | M11: الرياض | N11: الحمراء | R11: {=SUBSTITUTE( SUBSTITUTE( SUBSTITUTE( SUBSTITUTE( SUBSTITUTE( SUBSTITUTE( SUBSTITUTE( SUBSTITUTE( SUBSTITUTE( SUBSTITUTE( SUBSTITUTE( XLOOKUP(B11,'المشاريع'!B:B,'المشاريع'!R:R),"صالة جلوس","Living room"), "مجلس","Reception room"), "غرفة سائق","Driver room"), "صالة طعام","Dining room"), "غرفة خادمة","Maid room"), "بلكونة","Balcony"), "فناء خارجي","Outdoor courtyard"), "غرفة خدمات","Utility room"), "غرفة غسيل","Laundry room"), "مطبخ","Kitchen"), "-",", ")} | S11: =COUNTIF('الوحدات'!B:B, B11) -> 6 | T11: =COUNTIFS('الوحدات'!B:B, B11, 'الوحدات'!M:M, "متاحة") -> 5 | U11: =COUNTIFS('الوحدات'!B:B, B11, 'الوحدات'!M:M, "تحت الإنشاء") -> 0 | V11: =COUNTIFS('الوحدات'!B:B, B11, 'الوحدات'!M:M, "محجوزة") -> 0 | W11: =COUNTIFS('الوحدات'!B:B, B11, 'الوحدات'!M:M, "مباعة") -> 1 | X11: =IFERROR(AVERAGEIFS('الوحدات'!L:L, 'الوحدات'!B:B, B11), "") -> 1507000 | Y11: =IFERROR( ROUND( AVERAGEIFS('الوحدات'!L:L, 'الوحدات'!B:B, B11, 'الوحدات'!M:M, "متاحة"), 2 ), "" ) -> 1507000 | Z11: =IFERROR(SUMIFS('الوحدات'!L:L, 'الوحدات'!B:B, B11), "") -> 7535000 | AA11: =ROUND(AE11/Z11, 2) -> 0 | AB11: =IFERROR(SUMIFS('الوحدات'!L:L, 'الوحدات'!B:B, B11, 'الوحدات'!M:M, "تحت الإنشاء"), "") -> 0 | AC11: =IFERROR(SUMIFS('الوحدات'!L:L, 'الوحدات'!B:B, B11, 'الوحدات'!M:M, "متاحة"), "") -> 7535000 | AD11: =IFERROR(SUMIFS('الوحدات'!L:L, 'الوحدات'!B:B, B11, 'الوحدات'!M:M, "محجوزة"), "") -> 0 | AE11: =IFERROR(SUMIFS('الوحدات'!L:L, 'الوحدات'!B:B, B11, 'الوحدات'!M:M, "مباعة"), "") -> 0 | AF11: =IFERROR( ROUND( VALUE( SUBSTITUTE( SUBSTITUTE( MINIFS('الوحدات'!L:L,'الوحدات'!B:B,B11), ",",""), "٬","") ), 0 ), "" ) -> 1245000 | AG11: =IFERROR(MINIFS('الوحدات'!L:L, 'الوحدات'!B:B, B11, 'الوحدات'!M:M, "متاحة"), "") -> 1245000 | AH11: =IFERROR(MAXIFS('الوحدات'!L:L, 'الوحدات'!B:B, B11), "") -> 1855000 | AI11: =IFERROR(MAXIFS('الوحدات'!L:L, 'الوحدات'!B:B, B11, 'الوحدات'!M:M, "متاحة"), "") -> 1855000 | AJ11: =AH11&"-"&AF11 -> 1855000-1245000 | AK11: =AI11&"-"&AG11 -> 1855000-1245000 | AL11: =IFERROR(MINIFS('الوحدات'!K:K, 'الوحدات'!B:B, B11), "") -> 188 | AM11: =IFERROR(MINIFS('الوحدات'!K:K, 'الوحدات'!B:B, B11, 'الوحدات'!M:M, "متاحة"), "") -> 188 | AN11: =IFERROR(MAXIFS('الوحدات'!K:K, 'الوحدات'!B:B, B11), "") -> 243 | AO11: =IFERROR(MAXIFS('الوحدات'!K:K, 'الوحدات'!B:B, B11, 'الوحدات'!M:M, "متاحة"), "") -> 243 | AP11: =AN11&"-"&AL11 -> 243-188 | AQ11: =AO11&"-"&AM11 -> 243-188 | AR11: =IFERROR(MINIFS('الوحدات'!N:N, 'الوحدات'!B:B, B11), "") -> 3 | AS11: =IFERROR(MINIFS('الوحدات'!N:N, 'الوحدات'!B:B, B11, 'الوحدات'!M:M, "متاحة"), "") -> 3 | AT11: =IFERROR(MAXIFS('الوحدات'!N:N, 'الوحدات'!B:B, B11), "") -> 3 | AU11: =IFERROR(MAXIFS('الوحدات'!N:N, 'الوحدات'!B:B, B11, 'الوحدات'!M:M, "متاحة"), "") -> 3 | AV11: =AT11&"-"&AR11 -> 3-3 | AW11: =AU11&"-"&AS11 -> 3-3 | AX11: =IFERROR(MINIFS('الوحدات'!O:O, 'الوحدات'!B:B, B11), "") -> 0 | AY11: =IFERROR(MINIFS('الوحدات'!O:O, 'الوحدات'!B:B, B11, 'الوحدات'!M:M, "متاحة"), "") -> 0 | AZ11: =IFERROR(MAXIFS('الوحدات'!O:O, 'الوحدات'!B:B, B11), "") -> 0 | BA11: =IFERROR(MAXIFS('الوحدات'!O:O, 'الوحدات'!B:B, B11, 'الوحدات'!M:M, "متاحة"), "") -> 0 | BB11: =AZ11&"-"&AX11 -> 0-0 | BC11: =BA11&"-"&AY11 -> 0-0
A12: 11 | B12: SER | C12: يمامة | E12: سيرين | F12: {=SWITCH( XLOOKUP(B12, 'المشاريع'!B:B, 'المشاريع'!F:F), "متاح","Available", "غير متاح","Not Available", "مباع","Fully Sold", "تحت الإنشاء","Under Construction", "تحت الإنشاء جزئيا","Partly Under Construction", "مفاوضات","Negotiations" )} -> Available | G12: {=SWITCH( XLOOKUP(B12, 'المشاريع'!B:B, 'المشاريع'!G:G), "سكني","Residential", "تجاري","Commercial" )} -> Residential | H12: {=SUBSTITUTE( SUBSTITUTE( SUBSTITUTE( SUBSTITUTE( SUBSTITUTE( XLOOKUP(B12,'المشاريع'!B:B,'المشاريع'!H:H), "شقة","Apartment"), "دور","Floor"), "فيلا","Villa"), "تاون هاوس","Town House"), "-",", ")} -> Villa | J12: https://maps.app.goo.gl/5yYbPMnuG8Xk46Kf8?g_st=ipc | K12: {=SUBSTITUTE( SUBSTITUTE( SUBSTITUTE( SUBSTITUTE( XLOOKUP(B12, 'المشاريع'!B:B, 'المشاريع'!K:K), "شمال","North"), "شرق","East"), "جنوب","South"), "غرب","West")} -> East | L12: المملكة العربية السعودية | M12: الرياض | N12: الصفا | R12: {=SUBSTITUTE( SUBSTITUTE( SUBSTITUTE( SUBSTITUTE( SUBSTITUTE( SUBSTITUTE( SUBSTITUTE( SUBSTITUTE( SUBSTITUTE( SUBSTITUTE( SUBSTITUTE( XLOOKUP(B12,'المشاريع'!B:B,'المشاريع'!R:R),"صالة جلوس","Living room"), "مجلس","Reception room"), "غرفة سائق","Driver room"), "صالة طعام","Dining room"), "غرفة خادمة","Maid room"), "بلكونة","Balcony"), "فناء خارجي","Outdoor courtyard"), "غرفة خدمات","Utility room"), "غرفة غسيل","Laundry room"), "مطبخ","Kitchen"), "-",", ")} -> Driver room, Maid room, Laundry room, Dining room, Utility room, Living room, Reception room | S12: =COUNTIF('الوحدات'!B:B, B12) -> 11 | T12: =COUNTIFS('الوحدات'!B:B, B12, 'الوحدات'!M:M, "متاحة") -> 11 | U12: =COUNTIFS('الوحدات'!B:B, B12, 'الوحدات'!M:M, "تحت الإنشاء") -> 0 | V12: =COUNTIFS('الوحدات'!B:B, B12, 'الوحدات'!M:M, "محجوزة") -> 0 | W12: =COUNTIFS('الوحدات'!B:B, B12, 'الوحدات'!M:M, "مباعة") -> 0 | X12: =IFERROR(AVERAGEIFS('الوحدات'!L:L, 'الوحدات'!B:B, B12), "") -> 2150000 | Y12: =IFERROR( ROUND( AVERAGEIFS('الوحدات'!L:L, 'الوحدات'!B:B, B12, 'الوحدات'!M:M, "متاحة"), 2 ), "" ) -> 2150000 | Z12: =IFERROR(SUMIFS('الوحدات'!L:L, 'الوحدات'!B:B, B12), "") -> 23650000 | AA12: =ROUND(AE12/Z12, 2) -> 0 | AB12: =IFERROR(SUMIFS('الوحدات'!L:L, 'الوحدات'!B:B, B12, 'الوحدات'!M:M, "تحت الإنشاء"), "") -> 0 | AC12: =IFERROR(SUMIFS('الوحدات'!L:L, 'الوحدات'!B:B, B12, 'الوحدات'!M:M, "متاحة"), "") -> 23650000 | AD12: =IFERROR(SUMIFS('الوحدات'!L:L, 'الوحدات'!B:B, B12, 'الوحدات'!M:M, "محجوزة"), "") -> 0 | AE12: =IFERROR(SUMIFS('الوحدات'!L:L, 'الوحدات'!B:B, B12, 'الوحدات'!M:M, "مباعة"), "") -> 0 | AF12: =IFERROR( ROUND( VALUE( SUBSTITUTE( SUBSTITUTE( MINIFS('الوحدات'!L:L,'الوحدات'!B:B,B12), ",",""), "٬","") ), 0 ), "" ) -> 2150000 | AG12: =IFERROR(MINIFS('الوحدات'!L:L, 'الوحدات'!B:B, B12, 'الوحدات'!M:M, "متاحة"), "") -> 2150000 | AH12: =IFERROR(MAXIFS('الوحدات'!L:L, 'الوحدات'!B:B, B12), "") -> 2150000 | AI12: =IFERROR(MAXIFS('الوحدات'!L:L, 'الوحدات'!B:B, B12, 'الوحدات'!M:M, "متاحة"), "") -> 2150000 | AJ12: =AH12&"-"&AF12 -> 2150000-2150000 | AK12: =AI12&"-"&AG12 -> 2150000-2150000 | AL12: =IFERROR(MINIFS('الوحدات'!K:K, 'الوحدات'!B:B, B12), "") -> 200 | AM12: =IFERROR(MINIFS('الوحدات'!K:K, 'الوحدات'!B:B, B12, 'الوحدات'!M:M, "متاحة"), "") -> 200 | AN12: =IFERROR(MAXIFS('الوحدات'!K:K, 'الوحدات'!B:B, B12), "") -> 200 | AO12: =IFERROR(MAXIFS('الوحدات'!K:K, 'الوحدات'!B:B, B12, 'الوحدات'!M:M, "متاحة"), "") -> 200 | AP12: =AN12&"-"&AL12 -> 200-200 | AQ12: =AO12&"-"&AM12 -> 200-200 | AR12: =IFERROR(MINIFS('الوحدات'!N:N, 'الوحدات'!B:B, B12), "") -> 5 | AS12: =IFERROR(MINIFS('الوحدات'!N:N, 'الوحدات'!B:B, B12, 'الوحدات'!M:M, "متاحة"), "") -> 5 | AT12: =IFERROR(MAXIFS('الوحدات'!N:N, 'الوحدات'!B:B, B12), "") -> 5 | AU12: =IFERROR(MAXIFS('الوحدات'!N:N, 'الوحدات'!B:B, B12, 'الوحدات'!M:M, "متاحة"), "") -> 5 | AV12: =AT12&"-"&AR12 -> 5-5 | AW12: =AU12&"-"&AS12 -> 5-5 | AX12: =IFERROR(MINIFS('الوحدات'!O:O, 'الوحدات'!B:B, B12), "") -> 6 | AY12: =IFERROR(MINIFS('الوحدات'!O:O, 'الوحدات'!B:B, B12, 'الوحدات'!M:M, "متاحة"), "") -> 6 | AZ12: =IFERROR(MAXIFS('الوحدات'!O:O, 'الوحدات'!B:B, B12), "") -> 6 | BA12: =IFERROR(MAXIFS('الوحدات'!O:O, 'الوحدات'!B:B, B12, 'الوحدات'!M:M, "متاحة"), "") -> 6 | BB12: =AZ12&"-"&AX12 -> 6-6 | BC12: =BA12&"-"&AY12 -> 6-6
A13: 12 | B13: HBS | C13: الحبيب | E13: الحبيب | F13: {=SWITCH( XLOOKUP(B13, 'المشاريع'!B:B, 'المشاريع'!F:F), "متاح","Available", "غير متاح","Not Available", "مباع","Fully Sold", "تحت الإنشاء","Under Construction", "تحت الإنشاء جزئيا","Partly Under Construction", "مفاوضات","Negotiations" )} -> Available | G13: {=SWITCH( XLOOKUP(B13, 'المشاريع'!B:B, 'المشاريع'!G:G), "سكني","Residential", "تجاري","Commercial" )} -> Residential | H13: {=SUBSTITUTE( SUBSTITUTE( SUBSTITUTE( SUBSTITUTE( SUBSTITUTE( XLOOKUP(B13,'المشاريع'!B:B,'المشاريع'!H:H), "شقة","Apartment"), "دور","Floor"), "فيلا","Villa"), "تاون هاوس","Town House"), "-",", ")} -> Villa | K13: {=SUBSTITUTE( SUBSTITUTE( SUBSTITUTE( SUBSTITUTE( XLOOKUP(B13, 'المشاريع'!B:B, 'المشاريع'!K:K), "شمال","North"), "شرق","East"), "جنوب","South"), "غرب","West")} -> East | L13: المملكة العربية السعودية | M13: الرياض | N13: الصفا | R13: {=SUBSTITUTE( SUBSTITUTE( SUBSTITUTE( SUBSTITUTE( SUBSTITUTE( SUBSTITUTE( SUBSTITUTE( SUBSTITUTE( SUBSTITUTE( SUBSTITUTE( SUBSTITUTE( XLOOKUP(B13,'المشاريع'!B:B,'المشاريع'!R:R),"صالة جلوس","Living room"), "مجلس","Reception room"), "غرفة سائق","Driver room"), "صالة طعام","Dining room"), "غرفة خادمة","Maid room"), "بلكونة","Balcony"), "فناء خارجي","Outdoor courtyard"), "غرفة خدمات","Utility room"), "غرفة غسيل","Laundry room"), "مطبخ","Kitchen"), "-",", ")} | S13: =COUNTIF('الوحدات'!B:B, B13) -> 2 | T13: =COUNTIFS('الوحدات'!B:B, B13, 'الوحدات'!M:M, "متاحة") -> 2 | U13: =COUNTIFS('الوحدات'!B:B, B13, 'الوحدات'!M:M, "تحت الإنشاء") -> 0 | V13: =COUNTIFS('الوحدات'!B:B, B13, 'الوحدات'!M:M, "محجوزة") -> 0 | W13: =COUNTIFS('الوحدات'!B:B, B13, 'الوحدات'!M:M, "مباعة") -> 0 | X13: =IFERROR(AVERAGEIFS('الوحدات'!L:L, 'الوحدات'!B:B, B13), "") -> 2390000 | Y13: =IFERROR( ROUND( AVERAGEIFS('الوحدات'!L:L, 'الوحدات'!B:B, B13, 'الوحدات'!M:M, "متاحة"), 2 ), "" ) -> 2390000 | Z13: =IFERROR(SUMIFS('الوحدات'!L:L, 'الوحدات'!B:B, B13), "") -> 4780000 | AA13: =ROUND(AE13/Z13, 2) -> 0 | AB13: =IFERROR(SUMIFS('الوحدات'!L:L, 'الوحدات'!B:B, B13, 'الوحدات'!M:M, "تحت الإنشاء"), "") -> 0 | AC13: =IFERROR(SUMIFS('الوحدات'!L:L, 'الوحدات'!B:B, B13, 'الوحدات'!M:M, "متاحة"), "") -> 4780000 | AD13: =IFERROR(SUMIFS('الوحدات'!L:L, 'الوحدات'!B:B, B13, 'الوحدات'!M:M, "محجوزة"), "") -> 0 | AE13: =IFERROR(SUMIFS('الوحدات'!L:L, 'الوحدات'!B:B, B13, 'الوحدات'!M:M, "مباعة"), "") -> 0 | AF13: =IFERROR( ROUND( VALUE( SUBSTITUTE( SUBSTITUTE( MINIFS('الوحدات'!L:L,'الوحدات'!B:B,B13), ",",""), "٬","") ), 0 ), "" ) -> 2390000 | AG13: =IFERROR(MINIFS('الوحدات'!L:L, 'الوحدات'!B:B, B13, 'الوحدات'!M:M, "متاحة"), "") -> 2390000 | AH13: =IFERROR(MAXIFS('الوحدات'!L:L, 'الوحدات'!B:B, B13), "") -> 2390000 | AI13: =IFERROR(MAXIFS('الوحدات'!L:L, 'الوحدات'!B:B, B13, 'الوحدات'!M:M, "متاحة"), "") -> 2390000 | AJ13: =AH13&"-"&AF13 -> 2390000-2390000 | AK13: =AI13&"-"&AG13 -> 2390000-2390000 | AL13: =IFERROR(MINIFS('الوحدات'!K:K, 'الوحدات'!B:B, B13), "") -> 200 | AM13: =IFERROR(MINIFS('الوحدات'!K:K, 'الوحدات'!B:B, B13, 'الوحدات'!M:M, "متاحة"), "") -> 200 | AN13: =IFERROR(MAXIFS('الوحدات'!K:K, 'الوحدات'!B:B, B13), "") -> 200 | AO13: =IFERROR(MAXIFS('الوحدات'!K:K, 'الوحدات'!B:B, B13, 'الوحدات'!M:M, "متاحة"), "") -> 200 | AP13: =AN13&"-"&AL13 -> 200-200 | AQ13: =AO13&"-"&AM13 -> 200-200 | AR13: =IFERROR(MINIFS('الوحدات'!N:N, 'الوحدات'!B:B, B13), "") -> 0 | AS13: =IFERROR(MINIFS('الوحدات'!N:N, 'الوحدات'!B:B, B13, 'الوحدات'!M:M, "متاحة"), "") -> 0 | AT13: =IFERROR(MAXIFS('الوحدات'!N:N, 'الوحدات'!B:B, B13), "") -> 0 | AU13: =IFERROR(MAXIFS('الوحدات'!N:N, 'الوحدات'!B:B, B13, 'الوحدات'!M:M, "متاحة"), "") -> 0 | AV13: =AT13&"-"&AR13 -> 0-0 | AW13: =AU13&"-"&AS13 -> 0-0 | AX13: =IFERROR(MINIFS('الوحدات'!O:O, 'الوحدات'!B:B, B13), "") -> 0 | AY13: =IFERROR(MINIFS('الوحدات'!O:O, 'الوحدات'!B:B, B13, 'الوحدات'!M:M, "متاحة"), "") -> 0 | AZ13: =IFERROR(MAXIFS('الوحدات'!O:O, 'الوحدات'!B:B, B13), "") -> 0 | BA13: =IFERROR(MAXIFS('الوحدات'!O:O, 'الوحدات'!B:B, B13, 'الوحدات'!M:M, "متاحة"), "") -> 0 | BB13: =AZ13&"-"&AX13 -> 0-0 | BC13: =BA13&"-"&AY13 -> 0-0
A14: 13 | B14: MAJ80 | C14: المجالات | D14: 80 | E14: المجالات - 80 | F14: {=SWITCH( XLOOKUP(B14, 'المشاريع'!B:B, 'المشاريع'!F:F), "متاح","Available", "غير متاح","Not Available", "مباع","Fully Sold", "تحت الإنشاء","Under Construction", "تحت الإنشاء جزئيا","Partly Under Construction", "مفاوضات","Negotiations" )} -> Available | G14: {=SWITCH( XLOOKUP(B14, 'المشاريع'!B:B, 'المشاريع'!G:G), "سكني","Residential", "تجاري","Commercial" )} -> Residential | H14: {=SUBSTITUTE( SUBSTITUTE( SUBSTITUTE( SUBSTITUTE( SUBSTITUTE( XLOOKUP(B14,'المشاريع'!B:B,'المشاريع'!H:H), "شقة","Apartment"), "دور","Floor"), "فيلا","Villa"), "تاون هاوس","Town House"), "-",", ")} -> Town House | J14: https://maps.app.goo.gl/KhDLpCiJxxoQ1rnf8 | K14: {=SUBSTITUTE( SUBSTITUTE( SUBSTITUTE( SUBSTITUTE( XLOOKUP(B14, 'المشاريع'!B:B, 'المشاريع'!K:K), "شمال","North"), "شرق","East"), "جنوب","South"), "غرب","West")} -> North | L14: المملكة العربية السعودية | M14: الرياض | N14: النرجس | R14: {=SUBSTITUTE( SUBSTITUTE( SUBSTITUTE( SUBSTITUTE( SUBSTITUTE( SUBSTITUTE( SUBSTITUTE( SUBSTITUTE( SUBSTITUTE( SUBSTITUTE( SUBSTITUTE( XLOOKUP(B14,'المشاريع'!B:B,'المشاريع'!R:R),"صالة جلوس","Living room"), "مجلس","Reception room"), "غرفة سائق","Driver room"), "صالة طعام","Dining room"), "غرفة خادمة","Maid room"), "بلكونة","Balcony"), "فناء خارجي","Outdoor courtyard"), "غرفة خدمات","Utility room"), "غرفة غسيل","Laundry room"), "مطبخ","Kitchen"), "-",", ")} -> Living room, Reception room, Dining room, Outdoor courtyard, Balcony | S14: =COUNTIF('الوحدات'!B:B, B14) -> 24 | T14: =COUNTIFS('الوحدات'!B:B, B14, 'الوحدات'!M:M, "متاحة") -> 24 | U14: =COUNTIFS('الوحدات'!B:B, B14, 'الوحدات'!M:M, "تحت الإنشاء") -> 0 | V14: =COUNTIFS('الوحدات'!B:B, B14, 'الوحدات'!M:M, "محجوزة") -> 0 | W14: =COUNTIFS('الوحدات'!B:B, B14, 'الوحدات'!M:M, "مباعة") -> 0 | X14: =IFERROR(AVERAGEIFS('الوحدات'!L:L, 'الوحدات'!B:B, B14), "") -> 2206250 | Y14: =IFERROR( ROUND( AVERAGEIFS('الوحدات'!L:L, 'الوحدات'!B:B, B14, 'الوحدات'!M:M, "متاحة"), 2 ), "" ) -> 2206250 | Z14: =IFERROR(SUMIFS('الوحدات'!L:L, 'الوحدات'!B:B, B14), "") -> 52950000 | AA14: =ROUND(AE14/Z14, 2) -> 0 | AB14: =IFERROR(SUMIFS('الوحدات'!L:L, 'الوحدات'!B:B, B14, 'الوحدات'!M:M, "تحت الإنشاء"), "") -> 0 | AC14: =IFERROR(SUMIFS('الوحدات'!L:L, 'الوحدات'!B:B, B14, 'الوحدات'!M:M, "متاحة"), "") -> 52950000 | AD14: =IFERROR(SUMIFS('الوحدات'!L:L, 'الوحدات'!B:B, B14, 'الوحدات'!M:M, "محجوزة"), "") -> 0 | AE14: =IFERROR(SUMIFS('الوحدات'!L:L, 'الوحدات'!B:B, B14, 'الوحدات'!M:M, "مباعة"), "") -> 0 | AF14: =IFERROR( ROUND( VALUE( SUBSTITUTE( SUBSTITUTE( MINIFS('الوحدات'!L:L,'الوحدات'!B:B,B14), ",",""), "٬","") ), 0 ), "" ) -> 2175000 | AG14: =IFERROR(MINIFS('الوحدات'!L:L, 'الوحدات'!B:B, B14, 'الوحدات'!M:M, "متاحة"), "") -> 2175000 | AH14: =IFERROR(MAXIFS('الوحدات'!L:L, 'الوحدات'!B:B, B14), "") -> 2425000 | AI14: =IFERROR(MAXIFS('الوحدات'!L:L, 'الوحدات'!B:B, B14, 'الوحدات'!M:M, "متاحة"), "") -> 2425000 | AJ14: =AH14&"-"&AF14 -> 2425000-2175000 | AK14: =AI14&"-"&AG14 -> 2425000-2175000 | AL14: =IFERROR(MINIFS('الوحدات'!K:K, 'الوحدات'!B:B, B14), "") -> 384 | AM14: =IFERROR(MINIFS('الوحدات'!K:K, 'الوحدات'!B:B, B14, 'الوحدات'!M:M, "متاحة"), "") -> 384 | AN14: =IFERROR(MAXIFS('الوحدات'!K:K, 'الوحدات'!B:B, B14), "") -> 517 | AO14: =IFERROR(MAXIFS('الوحدات'!K:K, 'الوحدات'!B:B, B14, 'الوحدات'!M:M, "متاحة"), "") -> 517 | AP14: =AN14&"-"&AL14 -> 517-384 | AQ14: =AO14&"-"&AM14 -> 517-384 | AR14: =IFERROR(MINIFS('الوحدات'!N:N, 'الوحدات'!B:B, B14), "") -> 3 | AS14: =IFERROR(MINIFS('الوحدات'!N:N, 'الوحدات'!B:B, B14, 'الوحدات'!M:M, "متاحة"), "") -> 3 | AT14: =IFERROR(MAXIFS('الوحدات'!N:N, 'الوحدات'!B:B, B14), "") -> 3 | AU14: =IFERROR(MAXIFS('الوحدات'!N:N, 'الوحدات'!B:B, B14, 'الوحدات'!M:M, "متاحة"), "") -> 3 | AV14: =AT14&"-"&AR14 -> 3-3 | AW14: =AU14&"-"&AS14 -> 3-3 | AX14: =IFERROR(MINIFS('الوحدات'!O:O, 'الوحدات'!B:B, B14), "") -> 5 | AY14: =IFERROR(MINIFS('الوحدات'!O:O, 'الوحدات'!B:B, B14, 'الوحدات'!M:M, "متاحة"), "") -> 5 | AZ14: =IFERROR(MAXIFS('الوحدات'!O:O, 'الوحدات'!B:B, B14), "") -> 5 | BA14: =IFERROR(MAXIFS('الوحدات'!O:O, 'الوحدات'!B:B, B14, 'الوحدات'!M:M, "متاحة"), "") -> 5 | BB14: =AZ14&"-"&AX14 -> 5-5 | BC14: =BA14&"-"&AY14 -> 5-5
A15: 14 | B15: ALN88 | C15: ألين | D15: 88 | E15: ="ألين - "&D15 -> ألين - 88 | F15: {=SWITCH( XLOOKUP(B15, 'المشاريع'!B:B, 'المشاريع'!F:F), "متاح","Available", "غير متاح","Not Available", "مباع","Fully Sold", "تحت الإنشاء","Under Construction", "تحت الإنشاء جزئيا","Partly Under Construction", "مفاوضات","Negotiations" )} -> Available | G15: {=SWITCH( XLOOKUP(B15, 'المشاريع'!B:B, 'المشاريع'!G:G), "سكني","Residential", "تجاري","Commercial" )} -> Residential | H15: {=SUBSTITUTE( SUBSTITUTE( SUBSTITUTE( SUBSTITUTE( SUBSTITUTE( XLOOKUP(B15,'المشاريع'!B:B,'المشاريع'!H:H), "شقة","Apartment"), "دور","Floor"), "فيلا","Villa"), "تاون هاوس","Town House"), "-",", ")} -> Apartment | J15: https://maps.app.goo.gl/s9q4cMjhhMpxySdb9 | K15: {=SUBSTITUTE( SUBSTITUTE( SUBSTITUTE( SUBSTITUTE( XLOOKUP(B15, 'المشاريع'!B:B, 'المشاريع'!K:K), "شمال","North"), "شرق","East"), "جنوب","South"), "غرب","West")} -> North | L15: المملكة العربية السعودية | M15: الرياض | N15: الازدهار | O15: https://aleen.cc/Upload/88/details.pdf | R15: {=SUBSTITUTE( SUBSTITUTE( SUBSTITUTE( SUBSTITUTE( SUBSTITUTE( SUBSTITUTE( SUBSTITUTE( SUBSTITUTE( SUBSTITUTE( SUBSTITUTE( SUBSTITUTE( XLOOKUP(B15,'المشاريع'!B:B,'المشاريع'!R:R),"صالة جلوس","Living room"), "مجلس","Reception room"), "غرفة سائق","Driver room"), "صالة طعام","Dining room"), "غرفة خادمة","Maid room"), "بلكونة","Balcony"), "فناء خارجي","Outdoor courtyard"), "غرفة خدمات","Utility room"), "غرفة غسيل","Laundry room"), "مطبخ","Kitchen"), "-",", ")} | S15: =COUNTIF('الوحدات'!B:B, B15) -> 1 | T15: =COUNTIFS('الوحدات'!B:B, B15, 'الوحدات'!M:M, "متاحة") -> 1 | U15: =COUNTIFS('الوحدات'!B:B, B15, 'الوحدات'!M:M, "تحت الإنشاء") -> 0 | V15: =COUNTIFS('الوحدات'!B:B, B15, 'الوحدات'!M:M, "محجوزة") -> 0 | W15: =COUNTIFS('الوحدات'!B:B, B15, 'الوحدات'!M:M, "مباعة") -> 0 | X15: =IFERROR(AVERAGEIFS('الوحدات'!L:L, 'الوحدات'!B:B, B15), "") -> 1499000 | Y15: =IFERROR( ROUND( AVERAGEIFS('الوحدات'!L:L, 'الوحدات'!B:B, B15, 'الوحدات'!M:M, "متاحة"), 2 ), "" ) -> 1499000 | Z15: =IFERROR(SUMIFS('الوحدات'!L:L, 'الوحدات'!B:B, B15), "") -> 1499000 | AA15: =ROUND(AE15/Z15, 2) -> 0 | AB15: =IFERROR(SUMIFS('الوحدات'!L:L, 'الوحدات'!B:B, B15, 'الوحدات'!M:M, "تحت الإنشاء"), "") -> 0 | AC15: =IFERROR(SUMIFS('الوحدات'!L:L, 'الوحدات'!B:B, B15, 'الوحدات'!M:M, "متاحة"), "") -> 1499000 | AD15: =IFERROR(SUMIFS('الوحدات'!L:L, 'الوحدات'!B:B, B15, 'الوحدات'!M:M, "محجوزة"), "") -> 0 | AE15: =IFERROR(SUMIFS('الوحدات'!L:L, 'الوحدات'!B:B, B15, 'الوحدات'!M:M, "مباعة"), "") -> 0 | AF15: =IFERROR( ROUND( VALUE( SUBSTITUTE( SUBSTITUTE( MINIFS('الوحدات'!L:L,'الوحدات'!B:B,B15), ",",""), "٬","") ), 0 ), "" ) -> 1499000 | AG15: =IFERROR(MINIFS('الوحدات'!L:L, 'الوحدات'!B:B, B15, 'الوحدات'!M:M, "متاحة"), "") -> 1499000 | AH15: =IFERROR(MAXIFS('الوحدات'!L:L, 'الوحدات'!B:B, B15), "") -> 1499000 | AI15: =IFERROR(MAXIFS('الوحدات'!L:L, 'الوحدات'!B:B, B15, 'الوحدات'!M:M, "متاحة"), "") -> 1499000 | AJ15: =AH15&"-"&AF15 -> 1499000-1499000 | AK15: =AI15&"-"&AG15 -> 1499000-1499000 | AL15: =IFERROR(MINIFS('الوحدات'!K:K, 'الوحدات'!B:B, B15), "") -> 109 | AM15: =IFERROR(MINIFS('الوحدات'!K:K, 'الوحدات'!B:B, B15, 'الوحدات'!M:M, "متاحة"), "") -> 109 | AN15: =IFERROR(MAXIFS('الوحدات'!K:K, 'الوحدات'!B:B, B15), "") -> 109 | AO15: =IFERROR(MAXIFS('الوحدات'!K:K, 'الوحدات'!B:B, B15, 'الوحدات'!M:M, "متاحة"), "") -> 109 | AP15: =AN15&"-"&AL15 -> 109-109 | AQ15: =AO15&"-"&AM15 -> 109-109 | AR15: =IFERROR(MINIFS('الوحدات'!N:N, 'الوحدات'!B:B, B15), "") -> 3 | AS15: =IFERROR(MINIFS('الوحدات'!N:N, 'الوحدات'!B:B, B15, 'الوحدات'!M:M, "متاحة"), "") -> 3 | AT15: =IFERROR(MAXIFS('الوحدات'!N:N, 'الوحدات'!B:B, B15), "") -> 3 | AU15: =IFERROR(MAXIFS('الوحدات'!N:N, 'الوحدات'!B:B, B15, 'الوحدات'!M:M, "متاحة"), "") -> 3 | AV15: =AT15&"-"&AR15 -> 3-3 | AW15: =AU15&"-"&AS15 -> 3-3 | AX15: =IFERROR(MINIFS('الوحدات'!O:O, 'الوحدات'!B:B, B15), "") -> 2 | AY15: =IFERROR(MINIFS('الوحدات'!O:O, 'الوحدات'!B:B, B15, 'الوحدات'!M:M, "متاحة"), "") -> 2 | AZ15: =IFERROR(MAXIFS('الوحدات'!O:O, 'الوحدات'!B:B, B15), "") -> 2 | BA15: =IFERROR(MAXIFS('الوحدات'!O:O, 'الوحدات'!B:B, B15, 'الوحدات'!M:M, "متاحة"), "") -> 2 | BB15: =AZ15&"-"&AX15 -> 2-2 | BC15: =BA15&"-"&AY15 -> 2-2
A16: 15 | B16: ALN102 | C16: ألين | D16: 102 | E16: ="ألين - "&D16 -> ألين - 102 | F16: {=SWITCH( XLOOKUP(B16, 'المشاريع'!B:B, 'المشاريع'!F:F), "متاح","Available", "غير متاح","Not Available", "مباع","Fully Sold", "تحت الإنشاء","Under Construction", "تحت الإنشاء جزئيا","Partly Under Construction", "مفاوضات","Negotiations" )} -> Under Construction | G16: {=SWITCH( XLOOKUP(B16, 'المشاريع'!B:B, 'المشاريع'!G:G), "سكني","Residential", "تجاري","Commercial" )} -> Residential | H16: {=SUBSTITUTE( SUBSTITUTE( SUBSTITUTE( SUBSTITUTE( SUBSTITUTE( XLOOKUP(B16,'المشاريع'!B:B,'المشاريع'!H:H), "شقة","Apartment"), "دور","Floor"), "فيلا","Villa"), "تاون هاوس","Town House"), "-",", ")} -> Apartment | J16: https://www.google.com/maps/place/24%C2%B046'18.9%22N+46%C2%B037'56.3%22E/@24.7719167,46.6323056,1376m/data=!3m2!1e3!4b1!4m4!3m3!8m2!3d24.7719167!4d46.6323056!5m1!1e1?authuser=0&entry=tts&g_ep=EgoyMDI1MDYyMy4yIPu8ASoASAFQAw%3D%3D&skid=06f74f57-7ddc-40a6-9eae-6803a2eeab30 | K16: {=SUBSTITUTE( SUBSTITUTE( SUBSTITUTE( SUBSTITUTE( XLOOKUP(B16, 'المشاريع'!B:B, 'المشاريع'!K:K), "شمال","North"), "شرق","East"), "جنوب","South"), "غرب","West")} -> North | L16: المملكة العربية السعودية | M16: الرياض | N16: العقيق | O16: https://aleen.cc/Upload/102/details.pdf | R16: {=SUBSTITUTE( SUBSTITUTE( SUBSTITUTE( SUBSTITUTE( SUBSTITUTE( SUBSTITUTE( SUBSTITUTE( SUBSTITUTE( SUBSTITUTE( SUBSTITUTE( SUBSTITUTE( XLOOKUP(B16,'المشاريع'!B:B,'المشاريع'!R:R),"صالة جلوس","Living room"), "مجلس","Reception room"), "غرفة سائق","Driver room"), "صالة طعام","Dining room"), "غرفة خادمة","Maid room"), "بلكونة","Balcony"), "فناء خارجي","Outdoor courtyard"), "غرفة خدمات","Utility room"), "غرفة غسيل","Laundry room"), "مطبخ","Kitchen"), "-",", ")} | S16: =COUNTIF('الوحدات'!B:B, B16) -> 2 | T16: =COUNTIFS('الوحدات'!B:B, B16, 'الوحدات'!M:M, "متاحة") -> 0 | U16: =COUNTIFS('الوحدات'!B:B, B16, 'الوحدات'!M:M, "تحت الإنشاء") -> 2 | V16: =COUNTIFS('الوحدات'!B:B, B16, 'الوحدات'!M:M, "محجوزة") -> 0 | W16: =COUNTIFS('الوحدات'!B:B, B16, 'الوحدات'!M:M, "مباعة") -> 0 | X16: =IFERROR(AVERAGEIFS('الوحدات'!L:L, 'الوحدات'!B:B, B16), "") -> 1739000 | Y16: =IFERROR( ROUND( AVERAGEIFS('الوحدات'!L:L, 'الوحدات'!B:B, B16, 'الوحدات'!M:M, "متاحة"), 2 ), "" ) | Z16: =IFERROR(SUMIFS('الوحدات'!L:L, 'الوحدات'!B:B, B16), "") -> 3478000 | AA16: =ROUND(AE16/Z16, 2) -> 0 | AB16: =IFERROR(SUMIFS('الوحدات'!L:L, 'الوحدات'!B:B, B16, 'الوحدات'!M:M, "تحت الإنشاء"), "") -> 3478000 | AC16: =IFERROR(SUMIFS('الوحدات'!L:L, 'الوحدات'!B:B, B16, 'الوحدات'!M:M, "متاحة"), "") -> 0 | AD16: =IFERROR(SUMIFS('الوحدات'!L:L, 'الوحدات'!B:B, B16, 'الوحدات'!M:M, "محجوزة"), "") -> 0 | AE16: =IFERROR(SUMIFS('الوحدات'!L:L, 'الوحدات'!B:B, B16, 'الوحدات'!M:M, "مباعة"), "") -> 0 | AF16: =IFERROR( ROUND( VALUE( SUBSTITUTE( SUBSTITUTE( MINIFS('الوحدات'!L:L,'الوحدات'!B:B,B16), ",",""), "٬","") ), 0 ), "" ) -> 1599000 | AG16: =IFERROR(MINIFS('الوحدات'!L:L, 'الوحدات'!B:B, B16, 'الوحدات'!M:M, "متاحة"), "") -> 0 | AH16: =IFERROR(MAXIFS('الوحدات'!L:L, 'الوحدات'!B:B, B16), "") -> 1879000 | AI16: =IFERROR(MAXIFS('الوحدات'!L:L, 'الوحدات'!B:B, B16, 'الوحدات'!M:M, "متاحة"), "") -> 0 | AJ16: =AH16&"-"&AF16 -> 1879000-1599000 | AK16: =AI16&"-"&AG16 -> 0-0 | AL16: =IFERROR(MINIFS('الوحدات'!K:K, 'الوحدات'!B:B, B16), "") -> 99 | AM16: =IFERROR(MINIFS('الوحدات'!K:K, 'الوحدات'!B:B, B16, 'الوحدات'!M:M, "متاحة"), "") -> 0 | AN16: =IFERROR(MAXIFS('الوحدات'!K:K, 'الوحدات'!B:B, B16), "") -> 137 | AO16: =IFERROR(MAXIFS('الوحدات'!K:K, 'الوحدات'!B:B, B16, 'الوحدات'!M:M, "متاحة"), "") -> 0 | AP16: =AN16&"-"&AL16 -> 137-99 | AQ16: =AO16&"-"&AM16 -> 0-0 | AR16: =IFERROR(MINIFS('الوحدات'!N:N, 'الوحدات'!B:B, B16), "") -> 2 | AS16: =IFERROR(MINIFS('الوحدات'!N:N, 'الوحدات'!B:B, B16, 'الوحدات'!M:M, "متاحة"), "") -> 0 | AT16: =IFERROR(MAXIFS('الوحدات'!N:N, 'الوحدات'!B:B, B16), "") -> 3 | AU16: =IFERROR(MAXIFS('الوحدات'!N:N, 'الوحدات'!B:B, B16, 'الوحدات'!M:M, "متاحة"), "") -> 0 | AV16: =AT16&"-"&AR16 -> 3-2 | AW16: =AU16&"-"&AS16 -> 0-0 | AX16: =IFERROR(MINIFS('الوحدات'!O:O, 'الوحدات'!B:B, B16), "") -> 3 | AY16: =IFERROR(MINIFS('الوحدات'!O:O, 'الوحدات'!B:B, B16, 'الوحدات'!M:M, "متاحة"), "") -> 0 | AZ16: =IFERROR(MAXIFS('الوحدات'!O:O, 'الوحدات'!B:B, B16), "") -> 4 | BA16: =IFERROR(MAXIFS('الوحدات'!O:O, 'الوحدات'!B:B, B16, 'الوحدات'!M:M, "متاحة"), "") -> 0 | BB16: =AZ16&"-"&AX16 -> 4-3 | BC16: =BA16&"-"&AY16 -> 0-0
A17: 16 | B17: ALN104 | C17: ألين | D17: 104 | E17: ="ألين - "&D17 -> ألين - 104 | F17: {=SWITCH( XLOOKUP(B17, 'المشاريع'!B:B, 'المشاريع'!F:F), "متاح","Available", "غير متاح","Not Available", "مباع","Fully Sold", "تحت الإنشاء","Under Construction", "تحت الإنشاء جزئيا","Partly Under Construction", "مفاوضات","Negotiations" )} -> Partly Under Construction | G17: {=SWITCH( XLOOKUP(B17, 'المشاريع'!B:B, 'المشاريع'!G:G), "سكني","Residential", "تجاري","Commercial" )} -> Residential | H17: {=SUBSTITUTE( SUBSTITUTE( SUBSTITUTE( SUBSTITUTE( SUBSTITUTE( XLOOKUP(B17,'المشاريع'!B:B,'المشاريع'!H:H), "شقة","Apartment"), "دور","Floor"), "فيلا","Villa"), "تاون هاوس","Town House"), "-",", ")} -> Apartment | J17: https://maps.app.goo.gl/vztQFdMWUJ729zNeA | K17: {=SUBSTITUTE( SUBSTITUTE( SUBSTITUTE( SUBSTITUTE( XLOOKUP(B17, 'المشاريع'!B:B, 'المشاريع'!K:K), "شمال","North"), "شرق","East"), "جنوب","South"), "غرب","West")} -> North | L17: المملكة العربية السعودية | M17: الرياض | N17: المغرزات | O17: https://aleen.cc/Upload/104/details.pdf | R17: {=SUBSTITUTE( SUBSTITUTE( SUBSTITUTE( SUBSTITUTE( SUBSTITUTE( SUBSTITUTE( SUBSTITUTE( SUBSTITUTE( SUBSTITUTE( SUBSTITUTE( SUBSTITUTE( XLOOKUP(B17,'المشاريع'!B:B,'المشاريع'!R:R),"صالة جلوس","Living room"), "مجلس","Reception room"), "غرفة سائق","Driver room"), "صالة طعام","Dining room"), "غرفة خادمة","Maid room"), "بلكونة","Balcony"), "فناء خارجي","Outdoor courtyard"), "غرفة خدمات","Utility room"), "غرفة غسيل","Laundry room"), "مطبخ","Kitchen"), "-",", ")} | S17: =COUNTIF('الوحدات'!B:B, B17) -> 3 | T17: =COUNTIFS('الوحدات'!B:B, B17, 'الوحدات'!M:M, "متاحة") -> 0 | U17: =COUNTIFS('الوحدات'!B:B, B17, 'الوحدات'!M:M, "تحت الإنشاء") -> 1 | V17: =COUNTIFS('الوحدات'!B:B, B17, 'الوحدات'!M:M, "محجوزة") -> 0 | W17: =COUNTIFS('الوحدات'!B:B, B17, 'الوحدات'!M:M, "مباعة") -> 2 | X17: =IFERROR(AVERAGEIFS('الوحدات'!L:L, 'الوحدات'!B:B, B17), "") -> 1945666.7 | Y17: =IFERROR( ROUND( AVERAGEIFS('الوحدات'!L:L, 'الوحدات'!B:B, B17, 'الوحدات'!M:M, "متاحة"), 2 ), "" ) | Z17: =IFERROR(SUMIFS('الوحدات'!L:L, 'الوحدات'!B:B, B17), "") -> 5837000 | AA17: =ROUND(AE17/Z17, 2) -> 0.68 | AB17: =IFERROR(SUMIFS('الوحدات'!L:L, 'الوحدات'!B:B, B17, 'الوحدات'!M:M, "تحت الإنشاء"), "") -> 1839000 | AC17: =IFERROR(SUMIFS('الوحدات'!L:L, 'الوحدات'!B:B, B17, 'الوحدات'!M:M, "متاحة"), "") -> 0 | AD17: =IFERROR(SUMIFS('الوحدات'!L:L, 'الوحدات'!B:B, B17, 'الوحدات'!M:M, "محجوزة"), "") -> 0 | AE17: =IFERROR(SUMIFS('الوحدات'!L:L, 'الوحدات'!B:B, B17, 'الوحدات'!M:M, "مباعة"), "") -> 3998000 | AF17: =IFERROR( ROUND( VALUE( SUBSTITUTE( SUBSTITUTE( MINIFS('الوحدات'!L:L,'الوحدات'!B:B,B17), ",",""), "٬","") ), 0 ), "" ) -> 1839000 | AG17: =IFERROR(MINIFS('الوحدات'!L:L, 'الوحدات'!B:B, B17, 'الوحدات'!M:M, "متاحة"), "") -> 0 | AH17: =IFERROR(MAXIFS('الوحدات'!L:L, 'الوحدات'!B:B, B17), "") -> 1999000 | AI17: =IFERROR(MAXIFS('الوحدات'!L:L, 'الوحدات'!B:B, B17, 'الوحدات'!M:M, "متاحة"), "") -> 0 | AJ17: =AH17&"-"&AF17 -> 1999000-1839000 | AK17: =AI17&"-"&AG17 -> 0-0 | AL17: =IFERROR(MINIFS('الوحدات'!K:K, 'الوحدات'!B:B, B17), "") -> 149 | AM17: =IFERROR(MINIFS('الوحدات'!K:K, 'الوحدات'!B:B, B17, 'الوحدات'!M:M, "متاحة"), "") -> 0 | AN17: =IFERROR(MAXIFS('الوحدات'!K:K, 'الوحدات'!B:B, B17), "") -> 164 | AO17: =IFERROR(MAXIFS('الوحدات'!K:K, 'الوحدات'!B:B, B17, 'الوحدات'!M:M, "متاحة"), "") -> 0 | AP17: =AN17&"-"&AL17 -> 164-149 | AQ17: =AO17&"-"&AM17 -> 0-0 | AR17: =IFERROR(MINIFS('الوحدات'!N:N, 'الوحدات'!B:B, B17), "") -> 4 | AS17: =IFERROR(MINIFS('الوحدات'!N:N, 'الوحدات'!B:B, B17, 'الوحدات'!M:M, "متاحة"), "") -> 0 | AT17: =IFERROR(MAXIFS('الوحدات'!N:N, 'الوحدات'!B:B, B17), "") -> 4 | AU17: =IFERROR(MAXIFS('الوحدات'!N:N, 'الوحدات'!B:B, B17, 'الوحدات'!M:M, "متاحة"), "") -> 0 | AV17: =AT17&"-"&AR17 -> 4-4 | AW17: =AU17&"-"&AS17 -> 0-0 | AX17: =IFERROR(MINIFS('الوحدات'!O:O, 'الوحدات'!B:B, B17), "") -> 3 | AY17: =IFERROR(MINIFS('الوحدات'!O:O, 'الوحدات'!B:B, B17, 'الوحدات'!M:M, "متاحة"), "") -> 0 | AZ17: =IFERROR(MAXIFS('الوحدات'!O:O, 'الوحدات'!B:B, B17), "") -> 3 | BA17: =IFERROR(MAXIFS('الوحدات'!O:O, 'الوحدات'!B:B, B17, 'الوحدات'!M:M, "متاحة"), "") -> 0 | BB17: =AZ17&"-"&AX17 -> 3-3 | BC17: =BA17&"-"&AY17 -> 0-0
A18: 17 | B18: ALN112 | C18: ألين | D18: 112 | E18: ="ألين - "&D18 -> ألين - 112 | F18: {=SWITCH( XLOOKUP(B18, 'المشاريع'!B:B, 'المشاريع'!F:F), "متاح","Available", "غير متاح","Not Available", "مباع","Fully Sold", "تحت الإنشاء","Under Construction", "تحت الإنشاء جزئيا","Partly Under Construction", "مفاوضات","Negotiations" )} -> Under Construction | G18: {=SWITCH( XLOOKUP(B18, 'المشاريع'!B:B, 'المشاريع'!G:G), "سكني","Residential", "تجاري","Commercial" )} -> Residential | H18: {=SUBSTITUTE( SUBSTITUTE( SUBSTITUTE( SUBSTITUTE( SUBSTITUTE( XLOOKUP(B18,'المشاريع'!B:B,'المشاريع'!H:H), "شقة","Apartment"), "دور","Floor"), "فيلا","Villa"), "تاون هاوس","Town House"), "-",", ")} -> Apartment | J18: https://maps.app.goo.gl/chehxACrY7pjZYJM7 | K18: {=SUBSTITUTE( SUBSTITUTE( SUBSTITUTE( SUBSTITUTE( XLOOKUP(B18, 'المشاريع'!B:B, 'المشاريع'!K:K), "شمال","North"), "شرق","East"), "جنوب","South"), "غرب","West")} -> North | L18: المملكة العربية السعودية | M18: الرياض | N18: الفلاح | O18: https://aleen.cc/Upload/112/details.pdf | R18: {=SUBSTITUTE( SUBSTITUTE( SUBSTITUTE( SUBSTITUTE( SUBSTITUTE( SUBSTITUTE( SUBSTITUTE( SUBSTITUTE( SUBSTITUTE( SUBSTITUTE( SUBSTITUTE( XLOOKUP(B18,'المشاريع'!B:B,'المشاريع'!R:R),"صالة جلوس","Living room"), "مجلس","Reception room"), "غرفة سائق","Driver room"), "صالة طعام","Dining room"), "غرفة خادمة","Maid room"), "بلكونة","Balcony"), "فناء خارجي","Outdoor courtyard"), "غرفة خدمات","Utility room"), "غرفة غسيل","Laundry room"), "مطبخ","Kitchen"), "-",", ")} | S18: =COUNTIF('الوحدات'!B:B, B18) -> 7 | T18: =COUNTIFS('الوحدات'!B:B, B18, 'الوحدات'!M:M, "متاحة") -> 0 | U18: =COUNTIFS('الوحدات'!B:B, B18, 'الوحدات'!M:M, "تحت الإنشاء") -> 7 | V18: =COUNTIFS('الوحدات'!B:B, B18, 'الوحدات'!M:M, "محجوزة") -> 0 | W18: =COUNTIFS('الوحدات'!B:B, B18, 'الوحدات'!M:M, "مباعة") -> 0 | X18: =IFERROR(AVERAGEIFS('الوحدات'!L:L, 'الوحدات'!B:B, B18), "") -> 1753285.7 | Y18: =IFERROR( ROUND( AVERAGEIFS('الوحدات'!L:L, 'الوحدات'!B:B, B18, 'الوحدات'!M:M, "متاحة"), 2 ), "" ) | Z18: =IFERROR(SUMIFS('الوحدات'!L:L, 'الوحدات'!B:B, B18), "") -> 12273000 | AA18: =ROUND(AE18/Z18, 2) -> 0 | AB18: =IFERROR(SUMIFS('الوحدات'!L:L, 'الوحدات'!B:B, B18, 'الوحدات'!M:M, "تحت الإنشاء"), "") -> 12273000 | AC18: =IFERROR(SUMIFS('الوحدات'!L:L, 'الوحدات'!B:B, B18, 'الوحدات'!M:M, "متاحة"), "") -> 0 | AD18: =IFERROR(SUMIFS('الوحدات'!L:L, 'الوحدات'!B:B, B18, 'الوحدات'!M:M, "محجوزة"), "") -> 0 | AE18: =IFERROR(SUMIFS('الوحدات'!L:L, 'الوحدات'!B:B, B18, 'الوحدات'!M:M, "مباعة"), "") -> 0 | AF18: =IFERROR( ROUND( VALUE( SUBSTITUTE( SUBSTITUTE( MINIFS('الوحدات'!L:L,'الوحدات'!B:B,B18), ",",""), "٬","") ), 0 ), "" ) -> 1549000 | AG18: =IFERROR(MINIFS('الوحدات'!L:L, 'الوحدات'!B:B, B18, 'الوحدات'!M:M, "متاحة"), "") -> 0 | AH18: =IFERROR(MAXIFS('الوحدات'!L:L, 'الوحدات'!B:B, B18), "") -> 1999000 | AI18: =IFERROR(MAXIFS('الوحدات'!L:L, 'الوحدات'!B:B, B18, 'الوحدات'!M:M, "متاحة"), "") -> 0 | AJ18: =AH18&"-"&AF18 -> 1999000-1549000 | AK18: =AI18&"-"&AG18 -> 0-0 | AL18: =IFERROR(MINIFS('الوحدات'!K:K, 'الوحدات'!B:B, B18), "") -> 114 | AM18: =IFERROR(MINIFS('الوحدات'!K:K, 'الوحدات'!B:B, B18, 'الوحدات'!M:M, "متاحة"), "") -> 0 | AN18: =IFERROR(MAXIFS('الوحدات'!K:K, 'الوحدات'!B:B, B18), "") -> 135 | AO18: =IFERROR(MAXIFS('الوحدات'!K:K, 'الوحدات'!B:B, B18, 'الوحدات'!M:M, "متاحة"), "") -> 0 | AP18: =AN18&"-"&AL18 -> 135-114 | AQ18: =AO18&"-"&AM18 -> 0-0 | AR18: =IFERROR(MINIFS('الوحدات'!N:N, 'الوحدات'!B:B, B18), "") -> 3 | AS18: =IFERROR(MINIFS('الوحدات'!N:N, 'الوحدات'!B:B, B18, 'الوحدات'!M:M, "متاحة"), "") -> 0 | AT18: =IFERROR(MAXIFS('الوحدات'!N:N, 'الوحدات'!B:B, B18), "") -> 3 | AU18: =IFERROR(MAXIFS('الوحدات'!N:N, 'الوحدات'!B:B, B18, 'الوحدات'!M:M, "متاحة"), "") -> 0 | AV18: =AT18&"-"&AR18 -> 3-3 | AW18: =AU18&"-"&AS18 -> 0-0 | AX18: =IFERROR(MINIFS('الوحدات'!O:O, 'الوحدات'!B:B, B18), "") -> 3 | AY18: =IFERROR(MINIFS('الوحدات'!O:O, 'الوحدات'!B:B, B18, 'الوحدات'!M:M, "متاحة"), "") -> 0 | AZ18: =IFERROR(MAXIFS('الوحدات'!O:O, 'الوحدات'!B:B, B18), "") -> 3 | BA18: =IFERROR(MAXIFS('الوحدات'!O:O, 'الوحدات'!B:B, B18, 'الوحدات'!M:M, "متاحة"), "") -> 0 | BB18: =AZ18&"-"&AX18 -> 3-3 | BC18: =BA18&"-"&AY18 -> 0-0
A19: 18 | B19: ALN122 | C19: ألين | D19: 122 | E19: ="ألين - "&D19 -> ألين - 122 | F19: {=SWITCH( XLOOKUP(B19, 'المشاريع'!B:B, 'المشاريع'!F:F), "متاح","Available", "غير متاح","Not Available", "مباع","Fully Sold", "تحت الإنشاء","Under Construction", "تحت الإنشاء جزئيا","Partly Under Construction", "مفاوضات","Negotiations" )} -> Under Construction | G19: {=SWITCH( XLOOKUP(B19, 'المشاريع'!B:B, 'المشاريع'!G:G), "سكني","Residential", "تجاري","Commercial" )} -> Residential | H19: {=SUBSTITUTE( SUBSTITUTE( SUBSTITUTE( SUBSTITUTE( SUBSTITUTE( XLOOKUP(B19,'المشاريع'!B:B,'المشاريع'!H:H), "شقة","Apartment"), "دور","Floor"), "فيلا","Villa"), "تاون هاوس","Town House"), "-",", ")} -> Apartment | I19: 46203 | J19: https://maps.app.goo.gl/vBnbYV9NfLEoANbi9 | K19: {=SUBSTITUTE( SUBSTITUTE( SUBSTITUTE( SUBSTITUTE( XLOOKUP(B19, 'المشاريع'!B:B, 'المشاريع'!K:K), "شمال","North"), "شرق","East"), "جنوب","South"), "غرب","West")} -> North | L19: المملكة العربية السعودية | M19: الرياض | N19: الغدير | O19: https://aleen.cc/Upload/122/details.pdf | R19: {=SUBSTITUTE( SUBSTITUTE( SUBSTITUTE( SUBSTITUTE( SUBSTITUTE( SUBSTITUTE( SUBSTITUTE( SUBSTITUTE( SUBSTITUTE( SUBSTITUTE( SUBSTITUTE( XLOOKUP(B19,'المشاريع'!B:B,'المشاريع'!R:R),"صالة جلوس","Living room"), "مجلس","Reception room"), "غرفة سائق","Driver room"), "صالة طعام","Dining room"), "غرفة خادمة","Maid room"), "بلكونة","Balcony"), "فناء خارجي","Outdoor courtyard"), "غرفة خدمات","Utility room"), "غرفة غسيل","Laundry room"), "مطبخ","Kitchen"), "-",", ")} | S19: =COUNTIF('الوحدات'!B:B, B19) -> 8 | T19: =COUNTIFS('الوحدات'!B:B, B19, 'الوحدات'!M:M, "متاحة") -> 0 | U19: =COUNTIFS('الوحدات'!B:B, B19, 'الوحدات'!M:M, "تحت الإنشاء") -> 8 | V19: =COUNTIFS('الوحدات'!B:B, B19, 'الوحدات'!M:M, "محجوزة") -> 0 | W19: =COUNTIFS('الوحدات'!B:B, B19, 'الوحدات'!M:M, "مباعة") -> 0 | X19: =IFERROR(AVERAGEIFS('الوحدات'!L:L, 'الوحدات'!B:B, B19), "") -> 1705250 | Y19: =IFERROR( ROUND( AVERAGEIFS('الوحدات'!L:L, 'الوحدات'!B:B, B19, 'الوحدات'!M:M, "متاحة"), 2 ), "" ) | Z19: =IFERROR(SUMIFS('الوحدات'!L:L, 'الوحدات'!B:B, B19), "") -> 13642000 | AA19: =ROUND(AE19/Z19, 2) -> 0 | AB19: =IFERROR(SUMIFS('الوحدات'!L:L, 'الوحدات'!B:B, B19, 'الوحدات'!M:M, "تحت الإنشاء"), "") -> 13642000 | AC19: =IFERROR(SUMIFS('الوحدات'!L:L, 'الوحدات'!B:B, B19, 'الوحدات'!M:M, "متاحة"), "") -> 0 | AD19: =IFERROR(SUMIFS('الوحدات'!L:L, 'الوحدات'!B:B, B19, 'الوحدات'!M:M, "محجوزة"), "") -> 0 | AE19: =IFERROR(SUMIFS('الوحدات'!L:L, 'الوحدات'!B:B, B19, 'الوحدات'!M:M, "مباعة"), "") -> 0 | AF19: =IFERROR( ROUND( VALUE( SUBSTITUTE( SUBSTITUTE( MINIFS('الوحدات'!L:L,'الوحدات'!B:B,B19), ",",""), "٬","") ), 0 ), "" ) -> 1389000 | AG19: =IFERROR(MINIFS('الوحدات'!L:L, 'الوحدات'!B:B, B19, 'الوحدات'!M:M, "متاحة"), "") -> 0 | AH19: =IFERROR(MAXIFS('الوحدات'!L:L, 'الوحدات'!B:B, B19), "") -> 2099000 | AI19: =IFERROR(MAXIFS('الوحدات'!L:L, 'الوحدات'!B:B, B19, 'الوحدات'!M:M, "متاحة"), "") -> 0 | AJ19: =AH19&"-"&AF19 -> 2099000-1389000 | AK19: =AI19&"-"&AG19 -> 0-0 | AL19: =IFERROR(MINIFS('الوحدات'!K:K, 'الوحدات'!B:B, B19), "") -> 98 | AM19: =IFERROR(MINIFS('الوحدات'!K:K, 'الوحدات'!B:B, B19, 'الوحدات'!M:M, "متاحة"), "") -> 0 | AN19: =IFERROR(MAXIFS('الوحدات'!K:K, 'الوحدات'!B:B, B19), "") -> 139 | AO19: =IFERROR(MAXIFS('الوحدات'!K:K, 'الوحدات'!B:B, B19, 'الوحدات'!M:M, "متاحة"), "") -> 0 | AP19: =AN19&"-"&AL19 -> 139-98 | AQ19: =AO19&"-"&AM19 -> 0-0 | AR19: =IFERROR(MINIFS('الوحدات'!N:N, 'الوحدات'!B:B, B19), "") -> 1 | AS19: =IFERROR(MINIFS('الوحدات'!N:N, 'الوحدات'!B:B, B19, 'الوحدات'!M:M, "متاحة"), "") -> 0 | AT19: =IFERROR(MAXIFS('الوحدات'!N:N, 'الوحدات'!B:B, B19), "") -> 3 | AU19: =IFERROR(MAXIFS('الوحدات'!N:N, 'الوحدات'!B:B, B19, 'الوحدات'!M:M, "متاحة"), "") -> 0 | AV19: =AT19&"-"&AR19 -> 3-1 | AW19: =AU19&"-"&AS19 -> 0-0 | AX19: =IFERROR(MINIFS('الوحدات'!O:O, 'الوحدات'!B:B, B19), "") -> 2 | AY19: =IFERROR(MINIFS('الوحدات'!O:O, 'الوحدات'!B:B, B19, 'الوحدات'!M:M, "متاحة"), "") -> 0 | AZ19: =IFERROR(MAXIFS('الوحدات'!O:O, 'الوحدات'!B:B, B19), "") -> 4 | BA19: =IFERROR(MAXIFS('الوحدات'!O:O, 'الوحدات'!B:B, B19, 'الوحدات'!M:M, "متاحة"), "") -> 0 | BB19: =AZ19&"-"&AX19 -> 4-2 | BC19: =BA19&"-"&AY19 -> 0-0
A20: 19 | B20: ALN126 | C20: ألين | D20: 126 | E20: ="ألين - "&D20 -> ألين - 126 | F20: {=SWITCH( XLOOKUP(B20, 'المشاريع'!B:B, 'المشاريع'!F:F), "متاح","Available", "غير متاح","Not Available", "مباع","Fully Sold", "تحت الإنشاء","Under Construction", "تحت الإنشاء جزئيا","Partly Under Construction", "مفاوضات","Negotiations" )} -> Under Construction | G20: {=SWITCH( XLOOKUP(B20, 'المشاريع'!B:B, 'المشاريع'!G:G), "سكني","Residential", "تجاري","Commercial" )} -> Residential | H20: {=SUBSTITUTE( SUBSTITUTE( SUBSTITUTE( SUBSTITUTE( SUBSTITUTE( XLOOKUP(B20,'المشاريع'!B:B,'المشاريع'!H:H), "شقة","Apartment"), "دور","Floor"), "فيلا","Villa"), "تاون هاوس","Town House"), "-",", ")} -> Apartment | I20: 46193 | J20: https://maps.app.goo.gl/u3xuGx2EjkDGJ3fz8 | K20: {=SUBSTITUTE( SUBSTITUTE( SUBSTITUTE( SUBSTITUTE( XLOOKUP(B20, 'المشاريع'!B:B, 'المشاريع'!K:K), "شمال","North"), "شرق","East"), "جنوب","South"), "غرب","West")} -> North | L20: المملكة العربية السعودية | M20: الرياض | N20: التعاون | O20: https://aleen.cc/Upload/126/details.pdf | R20: {=SUBSTITUTE( SUBSTITUTE( SUBSTITUTE( SUBSTITUTE( SUBSTITUTE( SUBSTITUTE( SUBSTITUTE( SUBSTITUTE( SUBSTITUTE( SUBSTITUTE( SUBSTITUTE( XLOOKUP(B20,'المشاريع'!B:B,'المشاريع'!R:R),"صالة جلوس","Living room"), "مجلس","Reception room"), "غرفة سائق","Driver room"), "صالة طعام","Dining room"), "غرفة خادمة","Maid room"), "بلكونة","Balcony"), "فناء خارجي","Outdoor courtyard"), "غرفة خدمات","Utility room"), "غرفة غسيل","Laundry room"), "مطبخ","Kitchen"), "-",", ")} | S20: =COUNTIF('الوحدات'!B:B, B20) -> 10 | T20: =COUNTIFS('الوحدات'!B:B, B20, 'الوحدات'!M:M, "متاحة") -> 0 | U20: =COUNTIFS('الوحدات'!B:B, B20, 'الوحدات'!M:M, "تحت الإنشاء") -> 10 | V20: =COUNTIFS('الوحدات'!B:B, B20, 'الوحدات'!M:M, "محجوزة") -> 0 | W20: =COUNTIFS('الوحدات'!B:B, B20, 'الوحدات'!M:M, "مباعة") -> 0 | X20: =IFERROR(AVERAGEIFS('الوحدات'!L:L, 'الوحدات'!B:B, B20), "") -> 1609000 | Y20: =IFERROR( ROUND( AVERAGEIFS('الوحدات'!L:L, 'الوحدات'!B:B, B20, 'الوحدات'!M:M, "متاحة"), 2 ), "" ) | Z20: =IFERROR(SUMIFS('الوحدات'!L:L, 'الوحدات'!B:B, B20), "") -> 16090000 | AA20: =ROUND(AE20/Z20, 2) -> 0 | AB20: =IFERROR(SUMIFS('الوحدات'!L:L, 'الوحدات'!B:B, B20, 'الوحدات'!M:M, "تحت الإنشاء"), "") -> 16090000 | AC20: =IFERROR(SUMIFS('الوحدات'!L:L, 'الوحدات'!B:B, B20, 'الوحدات'!M:M, "متاحة"), "") -> 0 | AD20: =IFERROR(SUMIFS('الوحدات'!L:L, 'الوحدات'!B:B, B20, 'الوحدات'!M:M, "محجوزة"), "") -> 0 | AE20: =IFERROR(SUMIFS('الوحدات'!L:L, 'الوحدات'!B:B, B20, 'الوحدات'!M:M, "مباعة"), "") -> 0 | AF20: =IFERROR( ROUND( VALUE( SUBSTITUTE( SUBSTITUTE( MINIFS('الوحدات'!L:L,'الوحدات'!B:B,B20), ",",""), "٬","") ), 0 ), "" ) -> 1399000 | AG20: =IFERROR(MINIFS('الوحدات'!L:L, 'الوحدات'!B:B, B20, 'الوحدات'!M:M, "متاحة"), "") -> 0 | AH20: =IFERROR(MAXIFS('الوحدات'!L:L, 'الوحدات'!B:B, B20), "") -> 1799000 | AI20: =IFERROR(MAXIFS('الوحدات'!L:L, 'الوحدات'!B:B, B20, 'الوحدات'!M:M, "متاحة"), "") -> 0 | AJ20: =AH20&"-"&AF20 -> 1799000-1399000 | AK20: =AI20&"-"&AG20 -> 0-0 | AL20: =IFERROR(MINIFS('الوحدات'!K:K, 'الوحدات'!B:B, B20), "") -> 87 | AM20: =IFERROR(MINIFS('الوحدات'!K:K, 'الوحدات'!B:B, B20, 'الوحدات'!M:M, "متاحة"), "") -> 0 | AN20: =IFERROR(MAXIFS('الوحدات'!K:K, 'الوحدات'!B:B, B20), "") -> 140 | AO20: =IFERROR(MAXIFS('الوحدات'!K:K, 'الوحدات'!B:B, B20, 'الوحدات'!M:M, "متاحة"), "") -> 0 | AP20: =AN20&"-"&AL20 -> 140-87 | AQ20: =AO20&"-"&AM20 -> 0-0 | AR20: =IFERROR(MINIFS('الوحدات'!N:N, 'الوحدات'!B:B, B20), "") -> 2 | AS20: =IFERROR(MINIFS('الوحدات'!N:N, 'الوحدات'!B:B, B20, 'الوحدات'!M:M, "متاحة"), "") -> 0 | AT20: =IFERROR(MAXIFS('الوحدات'!N:N, 'الوحدات'!B:B, B20), "") -> 3 | AU20: =IFERROR(MAXIFS('الوحدات'!N:N, 'الوحدات'!B:B, B20, 'الوحدات'!M:M, "متاحة"), "") -> 0 | AV20: =AT20&"-"&AR20 -> 3-2 | AW20: =AU20&"-"&AS20 -> 0-0 | AX20: =IFERROR(MINIFS('الوحدات'!O:O, 'الوحدات'!B:B, B20), "") -> 2 | AY20: =IFERROR(MINIFS('الوحدات'!O:O, 'الوحدات'!B:B, B20, 'الوحدات'!M:M, "متاحة"), "") -> 0 | AZ20: =IFERROR(MAXIFS('الوحدات'!O:O, 'الوحدات'!B:B, B20), "") -> 4 | BA20: =IFERROR(MAXIFS('الوحدات'!O:O, 'الوحدات'!B:B, B20, 'الوحدات'!M:M, "متاحة"), "") -> 0 | BB20: =AZ20&"-"&AX20 -> 4-2 | BC20: =BA20&"-"&AY20 -> 0-0
